{
    "name": "root",
    "gauges": {
        "BallAgentStage2.Policy.Entropy.mean": {
            "value": 0.6997504234313965,
            "min": 0.6997504234313965,
            "max": 1.3302054405212402,
            "count": 5
        },
        "BallAgentStage2.Environment.EpisodeLength.mean": {
            "value": 703.88,
            "min": 72.02972399150742,
            "max": 703.88,
            "count": 4
        },
        "BallAgentStage2.Policy.ExtrinsicValueEstimate.mean": {
            "value": 0.03533034399151802,
            "min": -0.004994430113583803,
            "max": 0.15397077798843384,
            "count": 5
        },
        "BallAgentStage2.Environment.CumulativeReward.mean": {
            "value": 2.52,
            "min": 0.6114649681528662,
            "max": 3.6538461538461537,
            "count": 4
        },
        "BallAgentStage2.Policy.ExtrinsicReward.mean": {
            "value": 2.52,
            "min": 0.6114649681528662,
            "max": 3.6538461538461537,
            "count": 4
        },
        "BallAgentStage2.Losses.PolicyLoss.mean": {
            "value": 0.06780750777106732,
            "min": 0.0657734593273435,
            "max": 0.07090427313289177,
            "count": 5
        },
        "BallAgentStage2.Losses.ValueLoss.mean": {
            "value": 0.00020046621633089973,
            "min": 0.00020046621633089973,
            "max": 0.7560532225903074,
            "count": 5
        },
        "BallAgentStage2.Policy.LearningRate.mean": {
            "value": 0.0002660184113272,
            "min": 0.0002660184113272,
            "max": 0.000296205617931461,
            "count": 5
        },
        "BallAgentStage2.Policy.Epsilon.mean": {
            "value": 0.1443364,
            "min": 0.1443364,
            "max": 0.14936760277777777,
            "count": 5
        },
        "BallAgentStage2.Policy.Beta.mean": {
            "value": 0.0008878607200000001,
            "min": 0.0008878607200000001,
            "max": 0.000987478535,
            "count": 5
        },
        "BallAgentStage2.IsTraining.mean": {
            "value": 1.0,
            "min": 1.0,
            "max": 1.0,
            "count": 5
        }
    },
    "metadata": {
        "timer_format_version": "0.1.0",
        "start_time_seconds": "1611489901",
        "python_version": "3.8.5 (default, Sep  3 2020, 21:29:08) [MSC v.1916 64 bit (AMD64)]",
        "command_line_arguments": "C:\\Users\\Home\\anaconda3\\envs\\unity_rl\\Scripts\\mlagents-learn config/trainer_config.yaml --run-id=stage2_3 --train",
        "mlagents_version": "0.22.0",
        "mlagents_envs_version": "0.22.0",
        "communication_protocol_version": "1.2.0",
        "pytorch_version": "1.7.0",
        "numpy_version": "1.18.5",
        "end_time_seconds": "1611490205"
    },
    "total": 303.4078196,
    "count": 1,
    "self": 0.13999439999997776,
    "children": {
        "run_training.setup": {
            "total": 0.007853900000000191,
            "count": 1,
            "self": 0.007853900000000191
        },
        "TrainerController.start_learning": {
            "total": 303.2599713,
            "count": 1,
            "self": 0.28373289999922235,
            "children": {
                "TrainerController._reset_env": {
                    "total": 7.246891,
                    "count": 1,
                    "self": 7.246891
                },
                "TrainerController.advance": {
                    "total": 295.6274072000008,
                    "count": 11622,
                    "self": 0.11493019999875287,
                    "children": {
                        "env_step": {
                            "total": 295.51247700000204,
                            "count": 11622,
                            "self": 257.3091241000037,
                            "children": {
                                "SubprocessEnvManager._take_step": {
                                    "total": 38.07205470000004,
                                    "count": 11622,
                                    "self": 0.5715611999989676,
                                    "children": {
                                        "TorchPolicy.evaluate": {
                                            "total": 37.50049350000107,
                                            "count": 11111,
                                            "self": 6.703385100001185,
                                            "children": {
                                                "TorchPolicy.sample_actions": {
                                                    "total": 30.797108399999885,
                                                    "count": 11111,
                                                    "self": 30.797108399999885
                                                }
                                            }
                                        }
                                    }
                                },
                                "workers": {
                                    "total": 0.13129819999825543,
                                    "count": 11621,
                                    "self": 0.0,
                                    "children": {
                                        "worker_root": {
                                            "total": 296.65232220000206,
                                            "count": 11621,
                                            "is_parallel": true,
                                            "self": 66.52662510000087,
                                            "children": {
                                                "steps_from_proto": {
                                                    "total": 0.0006889999999994956,
                                                    "count": 1,
                                                    "is_parallel": true,
                                                    "self": 0.00022969999999933322,
                                                    "children": {
                                                        "_process_vector_observation": {
                                                            "total": 0.00045930000000016236,
                                                            "count": 2,
                                                            "is_parallel": true,
                                                            "self": 0.00045930000000016236
                                                        }
                                                    }
                                                },
                                                "UnityEnvironment.step": {
                                                    "total": 230.1250081000012,
                                                    "count": 11621,
                                                    "is_parallel": true,
                                                    "self": 0.7920499000019845,
                                                    "children": {
                                                        "UnityEnvironment._generate_step_input": {
                                                            "total": 6.60321709999791,
                                                            "count": 11621,
                                                            "is_parallel": true,
                                                            "self": 6.60321709999791
                                                        },
                                                        "communicator.exchange": {
                                                            "total": 216.57311990000125,
                                                            "count": 11621,
                                                            "is_parallel": true,