{
    "name": "root",
    "metadata": {
        "timer_format_version": "0.1.0",
        "start_time_seconds": "1616497677",
        "python_version": "3.8.8 (default, Feb 24 2021, 15:54:32) [MSC v.1928 64 bit (AMD64)]",
        "command_line_arguments": "C:\\Users\\Home\\anaconda3\\envs\\unity\\Scripts\\mlagents-learn config/trainer_config.yaml --run-id=t3133t --train",
        "mlagents_version": "0.22.0",
        "mlagents_envs_version": "0.22.0",
        "communication_protocol_version": "1.2.0",
        "pytorch_version": "1.7.1",
        "numpy_version": "1.18.5",
        "end_time_seconds": "1616497711"
    },
    "total": 34.387592500000004,
    "count": 1,
    "self": 0.20062540000000695,
    "children": {
        "run_training.setup": {
            "total": 0.007287199999999938,
            "count": 1,
            "self": 0.007287199999999938
        },
        "TrainerController.start_learning": {
            "total": 34.1796799,
            "count": 1,
            "self": 0.017752399999984902,
            "children": {
                "TrainerController._reset_env": {
                    "total": 7.6338086,
                    "count": 1,
                    "self": 7.6338086
                },
                "TrainerController.advance": {
                    "total": 26.41001160000001,
                    "count": 745,
                    "self": 0.006369799999983883,
                    "children": {
                        "env_step": {
                            "total": 26.403641800000027,
                            "count": 745,
                            "self": 25.2169065000001,
                            "children": {
                                "SubprocessEnvManager._take_step": {
                                    "total": 1.1791560999999735,
                                    "count": 745,
                                    "self": 0.023927400000054888,
                                    "children": {
                                        "TorchPolicy.evaluate": {
                                            "total": 1.1552286999999186,
                                            "count": 311,
                                            "self": 0.23075539999995875,
                                            "children": {
                                                "TorchPolicy.sample_actions": {
                                                    "total": 0.9244732999999599,
                                                    "count": 311,
                                                    "self": 0.9244732999999599
                                                }
                                            }
                                        }
                                    }
                                },
                                "workers": {
                                    "total": 0.00757919999995238,
                                    "count": 744,
                                    "self": 0.0,
                                    "children": {
                                        "worker_root": {
                                            "total": 27.48002160000003,
                                            "count": 744,
                                            "is_parallel": true,
                                            "self": 4.991866600000115,
                                            "children": {
                                                "steps_from_proto": {
                                                    "total": 0.0011920999999999182,
                                                    "count": 1,
                                                    "is_parallel": true,
                                                    "self": 0.00026130000000001985,
                                                    "children": {
                                                        "_process_vector_observation": {
                                                            "total": 0.0009307999999998984,
                                                            "count": 2,
                                                            "is_parallel": true,
                                                            "self": 0.0009307999999998984
                                                        }
                                                    }
                                                },
                                                "UnityEnvironment.step": {
                                                    "total": 22.486962899999913,
                                                    "count": 744,
                                                    "is_parallel": true,
                                                    "self": 0.0643045999998968,
                                                    "children": {
                                                        "UnityEnvironment._generate_step_input": {
                                                            "total": 0.4749454999999685,
                                                            "count": 744,
                                                            "is_parallel": true,
                                                            "self": 0.4749454999999685
                                                        },
                                                        "communicator.exchange": {
                                                            "total": 21.529569600000073,
                                                            "count": 744,
                                                            "is_parallel": true,
                                                            "self": 21.529569600000073
                                                        },
                                                        "steps_from_proto": {
                                                            "total": 0.4181431999999754,
                                                            "count": 744,
                                                            "is_parallel": true,
                                                            "self": 0.09851310000003544,
                                                            "children": {
                                                                "_process_vector_observation": {
                                                                    "total": 0.31963009999993997,
                                                                    "count": 1488,
                                                                    "is_parallel": true,
                                                                    "self": 0.31963009999993997
                                                                }
                                                            }
                                                        }
                                                    }
                                                }
                                            }
                                        }
                                    }
                                }
                            }
                        }
                    }
                },
                "trainer_threads": {
                    "total": 2.3800000001017452e-05,
                    "count": 1,
                    "self": 2.3800000001017452e-05,
                    "children": {
                        "thread_root": {
                            "total": 0.0,
                            "count": 0,
                            "is_parallel": true,
                            "self": 0.0,
                            "children": {
                                "trainer_advance": {
                                    "total": 26.40132099999991,