{
    "name": "root",
    "gauges": {
        "BallAgentStage2.Policy.Entropy.mean": {
            "value": 1.1220450401306152,
            "min": 1.093423843383789,
            "max": 1.3403037786483765,
            "count": 5
        },
        "BallAgentStage2.Environment.EpisodeLength.mean": {
            "value": 377.728813559322,
            "min": 73.42330097087378,
            "max": 621.8224299065421,
            "count": 5
        },
        "BallAgentStage2.Policy.ExtrinsicValueEstimate.mean": {
            "value": -0.1264941543340683,
            "min": -1.0059690475463867,
            "max": -0.1264941543340683,
            "count": 5
        },
        "BallAgentStage2.Environment.CumulativeReward.mean": {
            "value": -0.3559322033898305,
            "min": -0.7373540856031129,
            "max": -0.17582417582417584,
            "count": 5
        },
        "BallAgentStage2.Policy.ExtrinsicReward.mean": {
            "value": -0.3559322033898305,
            "min": -0.7373540856031129,
            "max": -0.17582417582417584,
            "count": 5
        },
        "BallAgentStage2.Losses.PolicyLoss.mean": {
            "value": 0.02278084533599516,
            "min": 0.021591521066147833,
            "max": 0.029124704884986086,
            "count": 5
        },
        "BallAgentStage2.Losses.ValueLoss.mean": {
            "value": 0.0112545779440552,
            "min": 0.009147495006521542,
            "max": 0.12742946514238915,
            "count": 5
        },
        "BallAgentStage2.Policy.LearningRate.mean": {
            "value": 0.00016410100529968004,
            "min": 0.00016410100529968004,
            "max": 0.00028443285518905,
            "count": 5
        },
        "BallAgentStage2.Policy.Epsilon.mean": {
            "value": 0.15470031999999997,
            "min": 0.15470031999999997,
            "max": 0.19481095000000004,
            "count": 5
        },
        "BallAgentStage2.Policy.Beta.mean": {
            "value": 0.002739545968000001,
            "min": 0.002739545968000001,
            "max": 0.004741066405000001,
            "count": 5
        },
        "BallAgentStage2.IsTraining.mean": {
            "value": 1.0,
            "min": 1.0,
            "max": 1.0,
            "count": 5
        }
    },
    "metadata": {
        "timer_format_version": "0.1.0",
        "start_time_seconds": "1610197241",
        "python_version": "3.8.5 (default, Sep  3 2020, 21:29:08) [MSC v.1916 64 bit (AMD64)]",
        "command_line_arguments": "C:\\Users\\Home\\anaconda3\\envs\\unity_rl\\Scripts\\mlagents-learn config/trainer_config.yaml --run-id=pengfvf --train",
        "mlagents_version": "0.22.0",
        "mlagents_envs_version": "0.22.0",
        "communication_protocol_version": "1.2.0",
        "pytorch_version": "1.7.0",
        "numpy_version": "1.18.5",
        "end_time_seconds": "1610197675"
    },
    "total": 433.5321005,
    "count": 1,
    "self": 0.18330939999998463,
    "children": {
        "run_training.setup": {
            "total": 0.007361700000000138,
            "count": 1,
            "self": 0.007361700000000138
        },
        "TrainerController.start_learning": {
            "total": 433.34142940000004,
            "count": 1,
            "self": 0.2838227999973242,
            "children": {
                "TrainerController._reset_env": {
                    "total": 5.8090288999999995,
                    "count": 1,
                    "self": 5.8090288999999995
                },
                "TrainerController.advance": {
                    "total": 427.13664140000276,
                    "count": 12333,
                    "self": 0.12342030000155546,
                    "children": {
                        "env_step": {
                            "total": 427.0132211000012,
                            "count": 12333,
                            "self": 384.10485360000746,
                            "children": {
                                "SubprocessEnvManager._take_step": {
                                    "total": 42.75431789999754,
                                    "count": 12333,
                                    "self": 0.6312401999936341,
                                    "children": {
                                        "TorchPolicy.evaluate": {
                                            "total": 42.123077700003904,
                                            "count": 11597,
                                            "self": 13.46916300000488,
                                            "children": {
                                                "TorchPolicy.sample_actions": {
                                                    "total": 28.653914699999024,
                                                    "count": 11597,
                                                    "self": 28.653914699999024
                                                }
                                            }
                                        }
                                    }
                                },
                                "workers": {
                                    "total": 0.1540495999961955,
                                    "count": 12332,
                                    "self": 0.0,
                                    "children": {
                                        "worker_root": {
                                            "total": 428.25245719999964,
                                            "count": 12332,
                                            "is_parallel": true,
                                            "self": 67.19333820000043,
                                            "children": {
                                                "steps_from_proto": {
                                                    "total": 0.0005836999999999648,
                                                    "count": 1,
                                                    "is_parallel": true,
                                                    "self": 0.00023820000000007724,
                                                    "children": {
                                                        "_process_vector_observation": {
                                                            "total": 0.00034549999999988756,
                                                            "count": 2,
                                                            "is_parallel": true,
                                                            "self": 0.00034549999999988756
                                                        }
                                                    }
                                                },
                                                "UnityEnvironment.step": {
                                                    "total": 361.0585352999992,
                                                    "count": 12332,
                                                    "is_parallel": true,
                                                    "self": 0.9276494999982106,
                                                    "children": {
                                                        "UnityEnvironment._generate_step_input": {
                                                            "total": 6.895778300001137,
                                                            "count": 12332,
                                                            "is_parallel": true,
                                                            "self": 6.895778300001137
                                                        },
                                                        "communicator.exchange": {
                                                            "total": 348.1998683000019,
                                                            "count": 12332,