{
    "name": "root",
    "metadata": {
        "timer_format_version": "0.1.0",
        "start_time_seconds": "1610196279",
        "python_version": "3.8.5 (default, Sep  3 2020, 21:29:08) [MSC v.1916 64 bit (AMD64)]",
        "command_line_arguments": "C:\\Users\\Home\\anaconda3\\envs\\unity_rl\\Scripts\\mlagents-learn config/trainer_config.yaml --run-id=tt\u0435\u0435\u0435\u0435 --train",
        "mlagents_version": "0.22.0",
        "mlagents_envs_version": "0.22.0",
        "communication_protocol_version": "1.2.0",
        "pytorch_version": "1.7.0",
        "numpy_version": "1.18.5",
        "end_time_seconds": "1610196316"
    },
    "total": 37.3995034,
    "count": 1,
    "self": 0.18233229999999878,
    "children": {
        "run_training.setup": {
            "total": 0.007072499999999593,
            "count": 1,
            "self": 0.007072499999999593
        },
        "TrainerController.start_learning": {
            "total": 37.2100986,
            "count": 1,
            "self": 0.03207160000010134,
            "children": {
                "TrainerController._reset_env": {
                    "total": 9.8477417,
                    "count": 1,
                    "self": 9.8477417
                },
                "TrainerController.advance": {
                    "total": 27.223837599999893,
                    "count": 940,
                    "self": 0.009369999999950807,
                    "children": {
                        "env_step": {
                            "total": 27.214467599999942,
                            "count": 940,
                            "self": 24.716900699999876,
                            "children": {
                                "SubprocessEnvManager._take_step": {
                                    "total": 2.487016699999975,
                                    "count": 940,
                                    "self": 0.03925159999999828,
                                    "children": {
                                        "TorchPolicy.evaluate": {
                                            "total": 2.4477650999999767,
                                            "count": 737,
                                            "self": 0.6820642999999986,
                                            "children": {
                                                "TorchPolicy.sample_actions": {
                                                    "total": 1.765700799999978,
                                                    "count": 737,
                                                    "self": 1.765700799999978
                                                }
                                            }
                                        }
                                    }
                                },
                                "workers": {
                                    "total": 0.01055020000008966,
                                    "count": 939,
                                    "self": 0.0,
                                    "children": {
                                        "worker_root": {
                                            "total": 28.386941799999896,
                                            "count": 939,
                                            "is_parallel": true,
                                            "self": 5.008537899999865,
                                            "children": {
                                                "steps_from_proto": {
                                                    "total": 0.000615700000000885,
                                                    "count": 1,
                                                    "is_parallel": true,
                                                    "self": 0.00025880000000100267,
                                                    "children": {
                                                        "_process_vector_observation": {
                                                            "total": 0.0003568999999998823,
                                                            "count": 2,
                                                            "is_parallel": true,
                                                            "self": 0.0003568999999998823
                                                        }
                                                    }
                                                },
                                                "UnityEnvironment.step": {
                                                    "total": 23.37778820000003,
                                                    "count": 939,
                                                    "is_parallel": true,
                                                    "self": 0.07149960000005962,
                                                    "children": {
                                                        "UnityEnvironment._generate_step_input": {
                                                            "total": 0.4330731000000334,
                                                            "count": 939,
                                                            "is_parallel": true,
                                                            "self": 0.4330731000000334
                                                        },
                                                        "communicator.exchange": {
                                                            "total": 22.53312799999993,
                                                            "count": 939,
                                                            "is_parallel": true,
                                                            "self": 22.53312799999993
                                                        },
                                                        "steps_from_proto": {
                                                            "total": 0.3400875000000063,
                                                            "count": 939,
                                                            "is_parallel": true,
                                                            "self": 0.13818100000000477,
                                                            "children": {
                                                                "_process_vector_observation": {
                                                                    "total": 0.20190650000000154,
                                                                    "count": 1878,
                                                                    "is_parallel": true,
                                                                    "self": 0.20190650000000154
                                                                }
                                                            }
                                                        }
                                                    }
                                                }
                                            }
                                        }
                                    }
                                }
                            }
                        }
                    }
                },
                "trainer_threads": {
                    "total": 2.6699999999379997e-05,
                    "count": 1,
                    "self": 2.6699999999379997e-05,
                    "children": {
                        "thread_root": {
                            "total": 0.0,
                            "count": 0,
                            "is_parallel": true,
                            "self": 0.0,
                            "children": {
                                "trainer_advance": {
                                    "total": 27.226084100000097,