{
    "name": "root",
    "gauges": {
        "BallAgentStage2.Policy.Entropy.mean": {
            "value": 0.43913933634757996,
            "min": 0.43913933634757996,
            "max": 1.357115626335144,
            "count": 26
        },
        "BallAgentStage2.Environment.EpisodeLength.mean": {
            "value": 17.35389133627019,
            "min": 15.864080944350759,
            "max": 42.37221727515583,
            "count": 26
        },
        "BallAgentStage2.Policy.ExtrinsicValueEstimate.mean": {
            "value": 0.6963053941726685,
            "min": 0.032881710678339005,
            "max": 0.6963053941726685,
            "count": 26
        },
        "BallAgentStage2.Environment.CumulativeReward.mean": {
            "value": 0.7540381791483113,
            "min": 0.020531400966183576,
            "max": 0.7600548446069469,
            "count": 26
        },
        "BallAgentStage2.Policy.ExtrinsicReward.mean": {
            "value": 0.7540381791483113,
            "min": 0.020531400966183576,
            "max": 0.7600548446069469,
            "count": 26
        },
        "BallAgentStage2.Losses.PolicyLoss.mean": {
            "value": 0.06602372222333254,
            "min": 0.06557224223820064,
            "max": 0.07122399335760704,
            "count": 26
        },
        "BallAgentStage2.Losses.ValueLoss.mean": {
            "value": 0.0014092026504623103,
            "min": 0.0009342701178454268,
            "max": 0.013083522607628097,
            "count": 26
        },
        "BallAgentStage2.Policy.LearningRate.mean": {
            "value": 0.00010871575876143498,
            "min": 0.00010871575876143498,
            "max": 0.0002962332012556,
            "count": 26
        },
        "BallAgentStage2.Policy.Epsilon.mean": {
            "value": 0.11811928249999999,
            "min": 0.11811928249999999,
            "max": 0.1493722,
            "count": 26
        },
        "BallAgentStage2.Policy.Beta.mean": {
            "value": 0.00036876179350000003,
            "min": 0.00036876179350000003,
            "max": 0.0009875695600000001,
            "count": 26
        },
        "BallAgentStage2.IsTraining.mean": {
            "value": 1.0,
            "min": 1.0,
            "max": 1.0,
            "count": 26
        }
    },
    "metadata": {
        "timer_format_version": "0.1.0",
        "start_time_seconds": "1616497944",
        "python_version": "3.8.8 (default, Feb 24 2021, 15:54:32) [MSC v.1928 64 bit (AMD64)]",
        "command_line_arguments": "C:\\Users\\Home\\anaconda3\\envs\\unity\\Scripts\\mlagents-learn config/trainer_config.yaml --run-id=t233t --train",
        "mlagents_version": "0.22.0",
        "mlagents_envs_version": "0.22.0",
        "communication_protocol_version": "1.2.0",
        "pytorch_version": "1.7.1",
        "numpy_version": "1.18.5",
        "end_time_seconds": "1616499244"
    },
    "total": 1300.8389666,
    "count": 1,
    "self": 0.004405900000165275,
    "children": {
        "run_training.setup": {
            "total": 0.0071718000000000615,
            "count": 1,
            "self": 0.0071718000000000615
        },
        "TrainerController.start_learning": {
            "total": 1300.8273889,
            "count": 1,
            "self": 1.8073168000219084,
            "children": {
                "TrainerController._reset_env": {
                    "total": 11.192613099999999,
                    "count": 1,
                    "self": 11.192613099999999
                },
                "TrainerController.advance": {
                    "total": 1287.742193299978,
                    "count": 53451,
                    "self": 0.4660325999830093,
                    "children": {
                        "env_step": {
                            "total": 1287.276160699995,
                            "count": 53451,
                            "self": 1217.404307599989,
                            "children": {
                                "SubprocessEnvManager._take_step": {
                                    "total": 69.30115689999693,
                                    "count": 53451,
                                    "self": 1.6138763000010385,
                                    "children": {
                                        "TorchPolicy.evaluate": {
                                            "total": 67.68728059999589,
                                            "count": 20844,
                                            "self": 14.853035300005367,
                                            "children": {
                                                "TorchPolicy.sample_actions": {
                                                    "total": 52.83424529999052,
                                                    "count": 20844,
                                                    "self": 52.83424529999052
                                                }
                                            }
                                        }
                                    }
                                },
                                "workers": {
                                    "total": 0.5706962000091469,
                                    "count": 53450,
                                    "self": 0.0,
                                    "children": {
                                        "worker_root": {
                                            "total": 1288.4107818999985,
                                            "count": 53450,
                                            "is_parallel": true,
                                            "self": 354.57360959998437,
                                            "children": {
                                                "steps_from_proto": {
                                                    "total": 0.0010158000000011214,
                                                    "count": 1,
                                                    "is_parallel": true,
                                                    "self": 0.00026810000000310197,
                                                    "children": {
                                                        "_process_vector_observation": {
                                                            "total": 0.0007476999999980194,
                                                            "count": 2,
                                                            "is_parallel": true,
                                                            "self": 0.0007476999999980194
                                                        }
                                                    }
                                                },
                                                "UnityEnvironment.step": {
                                                    "total": 933.8361565000141,
                                                    "count": 53450,
                                                    "is_parallel": true,
                                                    "self": 4.412016000023527,
                                                    "children": {
                                                        "UnityEnvironment._generate_step_input": {
                                                            "total": 31.620587699980234,
                                                            "count": 53450,
                                                            "is_parallel": true,
                                                            "self": 31.620587699980234
                                                        },
                                                        "communicator.exchange": {
                                                            "total": 874.6696133000041,
                                                            "count": 53450,