{
    "name": "root",
    "metadata": {
        "timer_format_version": "0.1.0",
        "start_time_seconds": "1613295543",
        "python_version": "3.8.5 (default, Sep  3 2020, 21:29:08) [MSC v.1916 64 bit (AMD64)]",
        "command_line_arguments": "C:\\Users\\Home\\anaconda3\\envs\\unity_rl\\Scripts\\mlagents-learn config/trainer_config.yaml --run-id=t2 --train",
        "mlagents_version": "0.22.0",
        "mlagents_envs_version": "0.22.0",
        "communication_protocol_version": "1.2.0",
        "pytorch_version": "1.7.0",
        "numpy_version": "1.18.5",
        "end_time_seconds": "1613295603"
    },
    "total": 60.7317708,
    "count": 1,
    "self": 0.006939199999997925,
    "children": {
        "run_training.setup": {
            "total": 0.052977700000000016,
            "count": 1,
            "self": 0.052977700000000016
        },
        "TrainerController.start_learning": {
            "total": 60.6718539,
            "count": 1,
            "self": 0.03626000000001994,
            "children": {
                "TrainerController._reset_env": {
                    "total": 46.1712812,
                    "count": 1,
                    "self": 46.1712812
                },
                "TrainerController.advance": {
                    "total": 14.081644099999984,
                    "count": 1280,
                    "self": 0.010062499999790475,
                    "children": {
                        "env_step": {
                            "total": 14.071581600000194,
                            "count": 1280,
                            "self": 7.685152100000295,
                            "children": {
                                "SubprocessEnvManager._take_step": {
                                    "total": 6.374926900000048,
                                    "count": 1280,
                                    "self": 0.04414710000004618,
                                    "children": {
                                        "TorchPolicy.evaluate": {
                                            "total": 6.330779800000002,
                                            "count": 1247,
                                            "self": 0.6504984000000817,
                                            "children": {
                                                "TorchPolicy.sample_actions": {
                                                    "total": 5.68028139999992,
                                                    "count": 1247,
                                                    "self": 5.68028139999992
                                                }
                                            }
                                        }
                                    }
                                },
                                "workers": {
                                    "total": 0.011502599999850815,
                                    "count": 1279,
                                    "self": 0.0,
                                    "children": {
                                        "worker_root": {
                                            "total": 24.807318599999903,
                                            "count": 1279,
                                            "is_parallel": true,
                                            "self": 17.846933299999783,
                                            "children": {
                                                "steps_from_proto": {
                                                    "total": 0.008409399999997902,
                                                    "count": 1,
                                                    "is_parallel": true,
                                                    "self": 0.0023817000000008193,
                                                    "children": {
                                                        "_process_vector_observation": {
                                                            "total": 0.006027699999997083,
                                                            "count": 2,
                                                            "is_parallel": true,
                                                            "self": 0.006027699999997083
                                                        }
                                                    }
                                                },
                                                "UnityEnvironment.step": {
                                                    "total": 6.9519759000001216,
                                                    "count": 1279,
                                                    "is_parallel": true,
                                                    "self": 0.05598000000014025,
                                                    "children": {
                                                        "UnityEnvironment._generate_step_input": {
                                                            "total": 0.10620790000017166,
                                                            "count": 1279,
                                                            "is_parallel": true,
                                                            "self": 0.10620790000017166
                                                        },
                                                        "communicator.exchange": {
                                                            "total": 6.580700699999923,
                                                            "count": 1279,
                                                            "is_parallel": true,
                                                            "self": 6.580700699999923
                                                        },
                                                        "steps_from_proto": {
                                                            "total": 0.2090872999998865,
                                                            "count": 1279,
                                                            "is_parallel": true,
                                                            "self": 0.11628449999981427,
                                                            "children": {
                                                                "_process_vector_observation": {
                                                                    "total": 0.09280280000007224,
                                                                    "count": 2558,
                                                                    "is_parallel": true,
                                                                    "self": 0.09280280000007224
                                                                }
                                                            }
                                                        }
                                                    }
                                                }
                                            }
                                        }
                                    }
                                }
                            }
                        }
                    }
                },
                "trainer_threads": {
                    "total": 1.5199999999992997e-05,
                    "count": 1,
                    "self": 1.5199999999992997e-05,
                    "children": {
                        "thread_root": {
                            "total": 0.0,
                            "count": 0,
                            "is_parallel": true,
                            "self": 0.0,
                            "children": {
                                "trainer_advance": {
                                    "total": 14.102725900000102,