{
    "name": "root",
    "gauges": {
        "BallAgentStage2.Policy.Entropy.mean": {
            "value": 0.707939863204956,
            "min": 0.6968518495559692,
            "max": 1.3403656482696533,
            "count": 10
        },
        "BallAgentStage2.Environment.EpisodeLength.mean": {
            "value": 23.46679783571077,
            "min": 18.985130111524164,
            "max": 27.547632629777524,
            "count": 10
        },
        "BallAgentStage2.Policy.ExtrinsicValueEstimate.mean": {
            "value": 0.5598965287208557,
            "min": 0.07491709291934967,
            "max": 0.6711271405220032,
            "count": 10
        },
        "BallAgentStage2.Environment.CumulativeReward.mean": {
            "value": 0.6052114060963618,
            "min": 0.14114285714285715,
            "max": 0.7196864914707238,
            "count": 10
        },
        "BallAgentStage2.Policy.ExtrinsicReward.mean": {
            "value": 0.6052114060963618,
            "min": 0.14114285714285715,
            "max": 0.7196864914707238,
            "count": 10
        },
        "BallAgentStage2.Losses.PolicyLoss.mean": {
            "value": 0.07027503225044944,
            "min": 0.06590664389057674,
            "max": 0.07433208795741965,
            "count": 10
        },
        "BallAgentStage2.Losses.ValueLoss.mean": {
            "value": 0.0002740422195754821,
            "min": 0.0002740422195754821,
            "max": 0.02103639522400231,
            "count": 10
        },
        "BallAgentStage2.Policy.LearningRate.mean": {
            "value": 0.000228705218764935,
            "min": 0.000228705218764935,
            "max": 0.00029622803459065553,
            "count": 10
        },
        "BallAgentStage2.Policy.Epsilon.mean": {
            "value": 0.1381175325,
            "min": 0.1381175325,
            "max": 0.14937133888888884,
            "count": 10
        },
        "BallAgentStage2.Policy.Beta.mean": {
            "value": 0.0007647271435000001,
            "min": 0.0007647271435000001,
            "max": 0.00098755251,
            "count": 10
        },
        "BallAgentStage2.IsTraining.mean": {
            "value": 1.0,
            "min": 1.0,
            "max": 1.0,
            "count": 10
        }
    },
    "metadata": {
        "timer_format_version": "0.1.0",
        "start_time_seconds": "1616502514",
        "python_version": "3.8.8 (default, Feb 24 2021, 15:54:32) [MSC v.1928 64 bit (AMD64)]",
        "command_line_arguments": "C:\\Users\\Home\\anaconda3\\envs\\unity\\Scripts\\mlagents-learn config/trainer_config.yaml --run-id=t316522t --train",
        "mlagents_version": "0.22.0",
        "mlagents_envs_version": "0.22.0",
        "communication_protocol_version": "1.2.0",
        "pytorch_version": "1.7.1",
        "numpy_version": "1.18.5",
        "end_time_seconds": "1616503134"
    },
    "total": 619.8633706999999,
    "count": 1,
    "self": 0.21655959999986862,
    "children": {
        "run_training.setup": {
            "total": 0.0074064999999996495,
            "count": 1,
            "self": 0.0074064999999996495
        },
        "TrainerController.start_learning": {
            "total": 619.6394046,
            "count": 1,
            "self": 0.46779190000529525,
            "children": {
                "TrainerController._reset_env": {
                    "total": 17.9010447,
                    "count": 1,
                    "self": 17.9010447
                },
                "TrainerController.advance": {
                    "total": 601.1832306999949,
                    "count": 22456,
                    "self": 0.1975193999919611,
                    "children": {
                        "env_step": {
                            "total": 600.9857113000029,
                            "count": 22456,
                            "self": 572.7983958000009,
                            "children": {
                                "SubprocessEnvManager._take_step": {
                                    "total": 27.945636900000892,
                                    "count": 22456,
                                    "self": 0.6846309999993565,
                                    "children": {
                                        "TorchPolicy.evaluate": {
                                            "total": 27.261005900001535,
                                            "count": 8517,
                                            "self": 6.050497900004562,
                                            "children": {
                                                "TorchPolicy.sample_actions": {
                                                    "total": 21.210507999996974,
                                                    "count": 8517,
                                                    "self": 21.210507999996974
                                                }
                                            }
                                        }
                                    }
                                },
                                "workers": {
                                    "total": 0.24167860000105534,
                                    "count": 22455,
                                    "self": 0.0,
                                    "children": {
                                        "worker_root": {
                                            "total": 602.1105383999932,
                                            "count": 22455,
                                            "is_parallel": true,
                                            "self": 142.4144703999891,
                                            "children": {
                                                "steps_from_proto": {
                                                    "total": 0.0013603000000017573,
                                                    "count": 1,
                                                    "is_parallel": true,
                                                    "self": 0.0003395000000026016,
                                                    "children": {
                                                        "_process_vector_observation": {
                                                            "total": 0.0010207999999991557,
                                                            "count": 2,
                                                            "is_parallel": true,
                                                            "self": 0.0010207999999991557
                                                        }
                                                    }
                                                },
                                                "UnityEnvironment.step": {
                                                    "total": 459.6947077000041,
                                                    "count": 22455,
                                                    "is_parallel": true,
                                                    "self": 1.8682703000089873,
                                                    "children": {
                                                        "UnityEnvironment._generate_step_input": {
                                                            "total": 13.49973589999863,
                                                            "count": 22455,
                                                            "is_parallel": true,
                                                            "self": 13.49973589999863
                                                        },
                                                        "communicator.exchange": {
                                                            "total": 432.7170480999986,
                                                            "count": 22455,