{
    "name": "root",
    "gauges": {
        "BallAgentStage1.Policy.Entropy.mean": {
            "value": 0.45707327127456665,
            "min": 0.45707327127456665,
            "max": 1.2818008661270142,
            "count": 9
        },
        "BallAgentStage1.Environment.EpisodeLength.mean": {
            "value": 5.170060471430334,
            "min": 5.170060471430334,
            "max": 496.6082474226804,
            "count": 9
        },
        "BallAgentStage1.Policy.ExtrinsicValueEstimate.mean": {
            "value": 0.9742773175239563,
            "min": 0.4425704777240753,
            "max": 0.9758550524711609,
            "count": 9
        },
        "BallAgentStage1.Environment.CumulativeReward.mean": {
            "value": 1.0,
            "min": 0.5567010309278351,
            "max": 1.0,
            "count": 9
        },
        "BallAgentStage1.Policy.ExtrinsicReward.mean": {
            "value": 1.0,
            "min": 0.5567010309278351,
            "max": 1.0,
            "count": 9
        },
        "BallAgentStage1.Losses.PolicyLoss.mean": {
            "value": 0.02113620571792126,
            "min": 0.02113620571792126,
            "max": 0.025787045064692694,
            "count": 9
        },
        "BallAgentStage1.Losses.ValueLoss.mean": {
            "value": 0.00015209791803499684,
            "min": 0.00015209791803499684,
            "max": 0.21198852695524695,
            "count": 9
        },
        "BallAgentStage1.Policy.LearningRate.mean": {
            "value": 4.742012419332001e-05,
            "min": 4.742012419332001e-05,
            "max": 0.0002846067051311,
            "count": 9
        },
        "BallAgentStage1.Policy.Epsilon.mean": {
            "value": 0.11580668000000001,
            "min": 0.11580668000000001,
            "max": 0.1948689,
            "count": 9
        },
        "BallAgentStage1.Policy.Beta.mean": {
            "value": 0.0007987533320000002,
            "min": 0.0007987533320000002,
            "max": 0.00474395811,
            "count": 9
        },
        "BallAgentStage1.IsTraining.mean": {
            "value": 1.0,
            "min": 1.0,
            "max": 1.0,
            "count": 9
        }
    },
    "metadata": {
        "timer_format_version": "0.1.0",
        "start_time_seconds": "1611488946",
        "python_version": "3.8.5 (default, Sep  3 2020, 21:29:08) [MSC v.1916 64 bit (AMD64)]",
        "command_line_arguments": "C:\\Users\\Home\\anaconda3\\envs\\unity_rl\\Scripts\\mlagents-learn config/trainer_config.yaml --run-id=stage1_1 --train",
        "mlagents_version": "0.22.0",
        "mlagents_envs_version": "0.22.0",
        "communication_protocol_version": "1.2.0",
        "pytorch_version": "1.7.0",
        "numpy_version": "1.18.5",
        "end_time_seconds": "1611489491"
    },
    "total": 545.5916099,
    "count": 1,
    "self": 0.18817469999999048,
    "children": {
        "run_training.setup": {
            "total": 0.006678099999999798,
            "count": 1,
            "self": 0.006678099999999798
        },
        "TrainerController.start_learning": {
            "total": 545.3967571,
            "count": 1,
            "self": 0.7693438999942828,
            "children": {
                "TrainerController._reset_env": {
                    "total": 5.1202911,
                    "count": 1,
                    "self": 5.1202911
                },
                "TrainerController.advance": {
                    "total": 539.4165971000057,
                    "count": 45638,
                    "self": 0.3432209999959923,
                    "children": {
                        "env_step": {
                            "total": 539.0733761000097,
                            "count": 45638,
                            "self": 469.56935410000654,
                            "children": {
                                "SubprocessEnvManager._take_step": {
                                    "total": 69.05205800000167,
                                    "count": 45638,
                                    "self": 1.1067584000038835,
                                    "children": {
                                        "TorchPolicy.evaluate": {
                                            "total": 67.94529959999778,
                                            "count": 19881,
                                            "self": 15.600770699995508,
                                            "children": {
                                                "TorchPolicy.sample_actions": {
                                                    "total": 52.344528900002274,
                                                    "count": 19881,
                                                    "self": 52.344528900002274
                                                }
                                            }
                                        }
                                    }
                                },
                                "workers": {
                                    "total": 0.45196400000145776,
                                    "count": 45637,
                                    "self": 0.0,
                                    "children": {
                                        "worker_root": {
                                            "total": 540.4494887999972,
                                            "count": 45637,
                                            "is_parallel": true,
                                            "self": 130.9465580999959,
                                            "children": {
                                                "steps_from_proto": {
                                                    "total": 0.0005069999999998132,
                                                    "count": 1,
                                                    "is_parallel": true,
                                                    "self": 0.00020790000000037168,
                                                    "children": {
                                                        "_process_vector_observation": {
                                                            "total": 0.0002990999999994415,
                                                            "count": 2,
                                                            "is_parallel": true,
                                                            "self": 0.0002990999999994415
                                                        }
                                                    }
                                                },
                                                "UnityEnvironment.step": {
                                                    "total": 409.50242370000126,
                                                    "count": 45637,
                                                    "is_parallel": true,
                                                    "self": 2.3979504000054703,
                                                    "children": {
                                                        "UnityEnvironment._generate_step_input": {
                                                            "total": 12.255616999992439,
                                                            "count": 45637,
                                                            "is_parallel": true,
                                                            "self": 12.255616999992439
                                                        },
                                                        "communicator.exchange": {
                                                            "total": 384.30037750000145,
                                                            "count": 45637,
                                                            "is_parallel": true,