{
    "name": "root",
    "gauges": {
        "BallAgentStage1.Policy.Entropy.mean": {
            "value": 1.303188443183899,
            "min": 1.303188443183899,
            "max": 1.303188443183899,
            "count": 1
        },
        "BallAgentStage1.Environment.EpisodeLength.mean": {
            "value": 88.668,
            "min": 88.668,
            "max": 88.668,
            "count": 1
        },
        "BallAgentStage1.Policy.ExtrinsicValueEstimate.mean": {
            "value": -0.09521251916885376,
            "min": -0.09521251916885376,
            "max": -0.09521251916885376,
            "count": 1
        },
        "BallAgentStage1.Environment.CumulativeReward.mean": {
            "value": 0.966,
            "min": 0.966,
            "max": 0.966,
            "count": 1
        },
        "BallAgentStage1.Policy.ExtrinsicReward.mean": {
            "value": 0.966,
            "min": 0.966,
            "max": 0.966,
            "count": 1
        },
        "BallAgentStage1.Losses.PolicyLoss.mean": {
            "value": 0.023816042084945366,
            "min": 0.023816042084945366,
            "max": 0.023816042084945366,
            "count": 1
        },
        "BallAgentStage1.Losses.ValueLoss.mean": {
            "value": 0.5340191336348652,
            "min": 0.5340191336348652,
            "max": 0.5340191336348652,
            "count": 1
        },
        "BallAgentStage1.Policy.LearningRate.mean": {
            "value": 0.00028459140513620003,
            "min": 0.00028459140513620003,
            "max": 0.00028459140513620003,
            "count": 1
        },
        "BallAgentStage1.Policy.Epsilon.mean": {
            "value": 0.19486380000000003,
            "min": 0.19486380000000003,
            "max": 0.19486380000000003,
            "count": 1
        },
        "BallAgentStage1.Policy.Beta.mean": {
            "value": 0.004743703619999999,
            "min": 0.004743703619999999,
            "max": 0.004743703619999999,
            "count": 1
        },
        "BallAgentStage1.IsTraining.mean": {
            "value": 1.0,
            "min": 1.0,
            "max": 1.0,
            "count": 1
        }
    },
    "metadata": {
        "timer_format_version": "0.1.0",
        "start_time_seconds": "1610196141",
        "python_version": "3.8.5 (default, Sep  3 2020, 21:29:08) [MSC v.1916 64 bit (AMD64)]",
        "command_line_arguments": "C:\\Users\\Home\\anaconda3\\envs\\unity_rl\\Scripts\\mlagents-learn config/trainer_config.yaml --run-id=tt\u0435\u0435 --train",
        "mlagents_version": "0.22.0",
        "mlagents_envs_version": "0.22.0",
        "communication_protocol_version": "1.2.0",
        "pytorch_version": "1.7.0",
        "numpy_version": "1.18.5",
        "end_time_seconds": "1610196241"
    },
    "total": 99.7757782,
    "count": 1,
    "self": 0.04851700000000392,
    "children": {
        "run_training.setup": {
            "total": 0.06647399999999992,
            "count": 1,
            "self": 0.06647399999999992
        },
        "TrainerController.start_learning": {
            "total": 99.6607872,
            "count": 1,
            "self": 0.061062200000080225,
            "children": {
                "TrainerController._reset_env": {
                    "total": 35.5831715,
                    "count": 1,
                    "self": 35.5831715
                },
                "TrainerController.advance": {
                    "total": 63.74901389999993,
                    "count": 2684,
                    "self": 0.024969599999813852,
                    "children": {
                        "env_step": {
                            "total": 63.724044300000116,
                            "count": 2684,
                            "self": 55.18280719999984,
                            "children": {
                                "SubprocessEnvManager._take_step": {
                                    "total": 8.510944400000362,
                                    "count": 2684,
                                    "self": 0.12392840000056538,
                                    "children": {
                                        "TorchPolicy.evaluate": {
                                            "total": 8.387015999999797,
                                            "count": 2251,
                                            "self": 2.285373099999731,
                                            "children": {
                                                "TorchPolicy.sample_actions": {
                                                    "total": 6.101642900000066,
                                                    "count": 2251,
                                                    "self": 6.101642900000066
                                                }
                                            }
                                        }
                                    }
                                },
                                "workers": {
                                    "total": 0.030292699999911576,
                                    "count": 2683,
                                    "self": 0.0,
                                    "children": {
                                        "worker_root": {
                                            "total": 66.13195949999994,
                                            "count": 2683,
                                            "is_parallel": true,
                                            "self": 23.99130300000003,
                                            "children": {
                                                "steps_from_proto": {
                                                    "total": 0.006054299999995294,
                                                    "count": 1,
                                                    "is_parallel": true,
                                                    "self": 0.0018199000000009846,
                                                    "children": {
                                                        "_process_vector_observation": {
                                                            "total": 0.004234399999994309,
                                                            "count": 2,
                                                            "is_parallel": true,
                                                            "self": 0.004234399999994309
                                                        }
                                                    }
                                                },
                                                "UnityEnvironment.step": {
                                                    "total": 42.13460219999991,
                                                    "count": 2683,
                                                    "is_parallel": true,
                                                    "self": 0.20019349999999037,
                                                    "children": {
                                                        "UnityEnvironment._generate_step_input": {
                                                            "total": 1.2981149000003924,
                                                            "count": 2683,
                                                            "is_parallel": true,
                                                            "self": 1.2981149000003924
                                                        },
                                                        "communicator.exchange": {
                                                            "total": 39.65236500000017,
                                                            "count": 2683,
                                                            "is_parallel": true,