{
    "name": "root",
    "gauges": {
        "BallAgentStage2.Policy.Entropy.mean": {
            "value": 0.3467648923397064,
            "min": 0.3467648923397064,
            "max": 1.34235680103302,
            "count": 8
        },
        "BallAgentStage2.Environment.EpisodeLength.mean": {
            "value": 12.206269757639621,
            "min": 12.206269757639621,
            "max": 31.916392363396973,
            "count": 8
        },
        "BallAgentStage2.Policy.ExtrinsicValueEstimate.mean": {
            "value": 0.9363670945167542,
            "min": 0.12144595384597778,
            "max": 0.9377263188362122,
            "count": 8
        },
        "BallAgentStage2.Environment.CumulativeReward.mean": {
            "value": 0.9923603793466808,
            "min": 0.1963109354413702,
            "max": 0.9941442640404579,
            "count": 8
        },
        "BallAgentStage2.Policy.ExtrinsicReward.mean": {
            "value": 0.9923603793466808,
            "min": 0.1963109354413702,
            "max": 0.9941442640404579,
            "count": 8
        },
        "BallAgentStage2.Losses.PolicyLoss.mean": {
            "value": 0.06796814397606267,
            "min": 0.06706592655645158,
            "max": 0.06900168711112606,
            "count": 8
        },
        "BallAgentStage2.Losses.ValueLoss.mean": {
            "value": 0.0036056183639155853,
            "min": 0.0017913543952342407,
            "max": 0.034207278367482184,
            "count": 8
        },
        "BallAgentStage2.Policy.LearningRate.mean": {
            "value": 0.00024380847373051503,
            "min": 0.00024380847373051503,
            "max": 0.0002962261345912889,
            "count": 8
        },
        "BallAgentStage2.Policy.Epsilon.mean": {
            "value": 0.1406347425,
            "min": 0.1406347425,
            "max": 0.14937102222222223,
            "count": 8
        },
        "BallAgentStage2.Policy.Beta.mean": {
            "value": 0.0008145679015000001,
            "min": 0.0008145679015000001,
            "max": 0.00098754624,
            "count": 8
        },
        "BallAgentStage2.IsTraining.mean": {
            "value": 1.0,
            "min": 1.0,
            "max": 1.0,
            "count": 8
        }
    },
    "metadata": {
        "timer_format_version": "0.1.0",
        "start_time_seconds": "1616506201",
        "python_version": "3.8.8 (default, Feb 24 2021, 15:54:32) [MSC v.1928 64 bit (AMD64)]",
        "command_line_arguments": "C:\\Users\\Home\\anaconda3\\envs\\unity\\Scripts\\mlagents-learn config/trainer_config.yaml --run-id=FFFFF --train",
        "mlagents_version": "0.22.0",
        "mlagents_envs_version": "0.22.0",
        "communication_protocol_version": "1.2.0",
        "pytorch_version": "1.7.1",
        "numpy_version": "1.18.5",
        "end_time_seconds": "1616506696"
    },
    "total": 494.5472754,
    "count": 1,
    "self": 0.22081570000000283,
    "children": {
        "run_training.setup": {
            "total": 0.02082079999999964,
            "count": 1,
            "self": 0.02082079999999964
        },
        "TrainerController.start_learning": {
            "total": 494.30563889999996,
            "count": 1,
            "self": 0.3538296999968793,
            "children": {
                "TrainerController._reset_env": {
                    "total": 35.6902422,
                    "count": 1,
                    "self": 35.6902422
                },
                "TrainerController.advance": {
                    "total": 458.1524699000031,
                    "count": 20117,
                    "self": 0.16147180000405115,
                    "children": {
                        "env_step": {
                            "total": 457.99099809999905,
                            "count": 20117,
                            "self": 437.7395291000006,
                            "children": {
                                "SubprocessEnvManager._take_step": {
                                    "total": 20.0503668999988,
                                    "count": 20117,
                                    "self": 0.5120632000018688,
                                    "children": {
                                        "TorchPolicy.evaluate": {
                                            "total": 19.53830369999693,
                                            "count": 6384,
                                            "self": 3.801794899995727,
                                            "children": {
                                                "TorchPolicy.sample_actions": {
                                                    "total": 15.736508800001204,
                                                    "count": 6384,
                                                    "self": 15.736508800001204
                                                }
                                            }
                                        }
                                    }
                                },
                                "workers": {
                                    "total": 0.2011020999996731,
                                    "count": 20116,
                                    "self": 0.0,
                                    "children": {
                                        "worker_root": {
                                            "total": 459.10091260000223,
                                            "count": 20116,
                                            "is_parallel": true,
                                            "self": 114.7757183000025,
                                            "children": {
                                                "steps_from_proto": {
                                                    "total": 0.0012718999999989933,
                                                    "count": 1,
                                                    "is_parallel": true,
                                                    "self": 0.00033249999999895863,
                                                    "children": {
                                                        "_process_vector_observation": {
                                                            "total": 0.0009394000000000347,
                                                            "count": 2,
                                                            "is_parallel": true,
                                                            "self": 0.0009394000000000347
                                                        }
                                                    }
                                                },
                                                "UnityEnvironment.step": {
                                                    "total": 344.32392239999973,
                                                    "count": 20116,
                                                    "is_parallel": true,
                                                    "self": 1.3451214999985268,
                                                    "children": {
                                                        "UnityEnvironment._generate_step_input": {
                                                            "total": 9.523447800002877,
                                                            "count": 20116,
                                                            "is_parallel": true,
                                                            "self": 9.523447800002877
                                                        },
                                                        "communicator.exchange": {
                                                            "total": 324.486235899997,
                                                            "count": 20116,