{
    "name": "root",
    "gauges": {
        "BallAgentStage2.Policy.Entropy.mean": {
            "value": 0.6234394311904907,
            "min": 0.6234394311904907,
            "max": 1.3516675233840942,
            "count": 6
        },
        "BallAgentStage2.Environment.EpisodeLength.mean": {
            "value": 19.972187104930466,
            "min": 19.972187104930466,
            "max": 31.33139534883721,
            "count": 6
        },
        "BallAgentStage2.Policy.ExtrinsicValueEstimate.mean": {
            "value": 0.6400741338729858,
            "min": 0.03864627704024315,
            "max": 0.6800623536109924,
            "count": 6
        },
        "BallAgentStage2.Environment.CumulativeReward.mean": {
            "value": 0.6412310286677909,
            "min": 0.03686934023285899,
            "max": 0.7659147869674185,
            "count": 6
        },
        "BallAgentStage2.Policy.ExtrinsicReward.mean": {
            "value": 0.6412310286677909,
            "min": 0.03686934023285899,
            "max": 0.7659147869674185,
            "count": 6
        },
        "BallAgentStage2.Losses.PolicyLoss.mean": {
            "value": 0.07178705917098202,
            "min": 0.06658634879729813,
            "max": 0.07178705917098202,
            "count": 6
        },
        "BallAgentStage2.Losses.ValueLoss.mean": {
            "value": 0.006366957007953598,
            "min": 0.0003921129099510906,
            "max": 0.02018146024352242,
            "count": 6
        },
        "BallAgentStage2.Policy.LearningRate.mean": {
            "value": 0.00025889269370243993,
            "min": 0.00025889269370243993,
            "max": 0.00029623425125525,
            "count": 6
        },
        "BallAgentStage2.Policy.Epsilon.mean": {
            "value": 0.14314878,
            "min": 0.14314878,
            "max": 0.14937237500000003,
            "count": 6
        },
        "BallAgentStage2.Policy.Beta.mean": {
            "value": 0.000864345844,
            "min": 0.000864345844,
            "max": 0.0009875730249999997,
            "count": 6
        },
        "BallAgentStage2.IsTraining.mean": {
            "value": 1.0,
            "min": 1.0,
            "max": 1.0,
            "count": 6
        }
    },
    "metadata": {
        "timer_format_version": "0.1.0",
        "start_time_seconds": "1616499282",
        "python_version": "3.8.8 (default, Feb 24 2021, 15:54:32) [MSC v.1928 64 bit (AMD64)]",
        "command_line_arguments": "C:\\Users\\Home\\anaconda3\\envs\\unity\\Scripts\\mlagents-learn config/trainer_config.yaml --run-id=t253t --train",
        "mlagents_version": "0.22.0",
        "mlagents_envs_version": "0.22.0",
        "communication_protocol_version": "1.2.0",
        "pytorch_version": "1.7.1",
        "numpy_version": "1.18.5",
        "end_time_seconds": "1616499600"
    },
    "total": 318.13426699999997,
    "count": 1,
    "self": 0.20020299999993085,
    "children": {
        "run_training.setup": {
            "total": 0.009062899999999985,
            "count": 1,
            "self": 0.009062899999999985
        },
        "TrainerController.start_learning": {
            "total": 317.92500110000003,
            "count": 1,
            "self": 0.25197000000082426,
            "children": {
                "TrainerController._reset_env": {
                    "total": 19.1949715,
                    "count": 1,
                    "self": 19.1949715
                },
                "TrainerController.advance": {
                    "total": 298.37202749999915,
                    "count": 12175,
                    "self": 0.11813739999786321,
                    "children": {
                        "env_step": {
                            "total": 298.2538901000013,
                            "count": 12175,
                            "self": 281.3107995,
                            "children": {
                                "SubprocessEnvManager._take_step": {
                                    "total": 16.81134810000008,
                                    "count": 12175,
                                    "self": 0.3849427000009946,
                                    "children": {
                                        "TorchPolicy.evaluate": {
                                            "total": 16.426405399999087,
                                            "count": 4814,
                                            "self": 3.446518299999081,
                                            "children": {
                                                "TorchPolicy.sample_actions": {
                                                    "total": 12.979887100000006,
                                                    "count": 4814,
                                                    "self": 12.979887100000006
                                                }
                                            }
                                        }
                                    }
                                },
                                "workers": {
                                    "total": 0.13174250000120935,
                                    "count": 12174,
                                    "self": 0.0,
                                    "children": {
                                        "worker_root": {
                                            "total": 299.37953499999935,
                                            "count": 12174,
                                            "is_parallel": true,
                                            "self": 85.10787580000195,
                                            "children": {
                                                "steps_from_proto": {
                                                    "total": 0.0009589999999981558,
                                                    "count": 1,
                                                    "is_parallel": true,
                                                    "self": 0.00025929999999263487,
                                                    "children": {
                                                        "_process_vector_observation": {
                                                            "total": 0.0006997000000055209,
                                                            "count": 2,
                                                            "is_parallel": true,
                                                            "self": 0.0006997000000055209
                                                        }
                                                    }
                                                },
                                                "UnityEnvironment.step": {
                                                    "total": 214.2707001999974,
                                                    "count": 12174,
                                                    "is_parallel": true,
                                                    "self": 0.9112081999994075,
                                                    "children": {
                                                        "UnityEnvironment._generate_step_input": {
                                                            "total": 7.467054799999307,
                                                            "count": 12174,
                                                            "is_parallel": true,
                                                            "self": 7.467054799999307
                                                        },
                                                        "communicator.exchange": {
                                                            "total": 200.59064869999747,
                                                            "count": 12174,