{
    "name": "root",
    "gauges": {
        "BallAgentStage1.Policy.Entropy.mean": {
            "value": 0.4574134647846222,
            "min": 0.4574134647846222,
            "max": 1.3523192405700684,
            "count": 10
        },
        "BallAgentStage1.Environment.EpisodeLength.mean": {
            "value": 5.080637314522014,
            "min": 5.080637314522014,
            "max": 58.06161137440758,
            "count": 10
        },
        "BallAgentStage1.Policy.ExtrinsicValueEstimate.mean": {
            "value": 0.9747823476791382,
            "min": 0.11204317212104797,
            "max": 0.9748852252960205,
            "count": 10
        },
        "BallAgentStage1.Environment.CumulativeReward.mean": {
            "value": 1.0,
            "min": 0.996437054631829,
            "max": 1.0,
            "count": 10
        },
        "BallAgentStage1.Policy.ExtrinsicReward.mean": {
            "value": 1.0,
            "min": 0.996437054631829,
            "max": 1.0,
            "count": 10
        },
        "BallAgentStage1.Losses.PolicyLoss.mean": {
            "value": 0.023376035830006005,
            "min": 0.021688230401681115,
            "max": 0.025177410226315262,
            "count": 10
        },
        "BallAgentStage1.Losses.ValueLoss.mean": {
            "value": 9.394238028714123e-05,
            "min": 9.394238028714123e-05,
            "max": 0.4047059356545408,
            "count": 10
        },
        "BallAgentStage1.Policy.LearningRate.mean": {
            "value": 1.7067694310799996e-05,
            "min": 1.7067694310799996e-05,
            "max": 0.00028461585512804997,
            "count": 10
        },
        "BallAgentStage1.Policy.Epsilon.mean": {
            "value": 0.1056892,
            "min": 0.1056892,
            "max": 0.19487195000000002,
            "count": 10
        },
        "BallAgentStage1.Policy.Beta.mean": {
            "value": 0.0002938910799999999,
            "min": 0.0002938910799999999,
            "max": 0.004744110305,
            "count": 10
        },
        "BallAgentStage1.IsTraining.mean": {
            "value": 1.0,
            "min": 1.0,
            "max": 1.0,
            "count": 10
        }
    },
    "metadata": {
        "timer_format_version": "0.1.0",
        "start_time_seconds": "1607861140",
        "python_version": "3.8.5 (default, Sep  3 2020, 21:29:08) [MSC v.1916 64 bit (AMD64)]",
        "command_line_arguments": "C:\\Users\\Home\\anaconda3\\envs\\unity_rl\\Scripts\\mlagents-learn config/trainer_config.yaml --run-id=findingsStage1 --train",
        "mlagents_version": "0.22.0",
        "mlagents_envs_version": "0.22.0",
        "communication_protocol_version": "1.2.0",
        "pytorch_version": "1.7.0",
        "numpy_version": "1.18.5",
        "end_time_seconds": "1607861745"
    },
    "total": 604.4576704,
    "count": 1,
    "self": 0.27730480000002444,
    "children": {
        "run_training.setup": {
            "total": 0.0067797999999998915,
            "count": 1,
            "self": 0.0067797999999998915
        },
        "TrainerController.start_learning": {
            "total": 604.1735858,
            "count": 1,
            "self": 0.9048816000070019,
            "children": {
                "TrainerController._reset_env": {
                    "total": 5.847588,
                    "count": 1,
                    "self": 5.847588
                },
                "TrainerController.advance": {
                    "total": 597.3545011999929,
                    "count": 58665,
                    "self": 0.4583635999993021,
                    "children": {
                        "env_step": {
                            "total": 596.8961375999936,
                            "count": 58665,
                            "self": 532.1948860999906,
                            "children": {
                                "SubprocessEnvManager._take_step": {
                                    "total": 64.11141500000168,
                                    "count": 58665,
                                    "self": 1.1016787000005621,
                                    "children": {
                                        "TorchPolicy.evaluate": {
                                            "total": 63.00973630000112,
                                            "count": 20004,
                                            "self": 13.508875800002741,
                                            "children": {
                                                "TorchPolicy.sample_actions": {
                                                    "total": 49.50086049999838,
                                                    "count": 20004,
                                                    "self": 49.50086049999838
                                                }
                                            }
                                        }
                                    }
                                },
                                "workers": {
                                    "total": 0.5898365000013062,
                                    "count": 58665,
                                    "self": 0.0,
                                    "children": {
                                        "worker_root": {
                                            "total": 598.202351200003,
                                            "count": 58665,
                                            "is_parallel": true,
                                            "self": 137.90224900000027,
                                            "children": {
                                                "steps_from_proto": {
                                                    "total": 0.0006111000000004196,
                                                    "count": 1,
                                                    "is_parallel": true,
                                                    "self": 0.0002484999999996518,
                                                    "children": {
                                                        "_process_vector_observation": {
                                                            "total": 0.00036260000000076786,
                                                            "count": 2,
                                                            "is_parallel": true,
                                                            "self": 0.00036260000000076786
                                                        }
                                                    }
                                                },
                                                "UnityEnvironment.step": {
                                                    "total": 460.29949110000274,
                                                    "count": 58665,
                                                    "is_parallel": true,
                                                    "self": 3.2531052000031764,
                                                    "children": {
                                                        "UnityEnvironment._generate_step_input": {
                                                            "total": 12.680870700000629,
                                                            "count": 58665,
                                                            "is_parallel": true,
                                                            "self": 12.680870700000629
                                                        },
                                                        "communicator.exchange": {
                                                            "total": 432.6526892999944,
                                                            "count": 58665,
                                                            "is_parallel": true,