{
    "name": "root",
    "metadata": {
        "timer_format_version": "0.1.0",
        "start_time_seconds": "1616494989",
        "python_version": "3.8.8 (default, Feb 24 2021, 15:54:32) [MSC v.1928 64 bit (AMD64)]",
        "command_line_arguments": "C:\\Users\\Home\\anaconda3\\envs\\unity\\Scripts\\mlagents-learn config/trainer_config.yaml --run-id=t232223t --train",
        "mlagents_version": "0.22.0",
        "mlagents_envs_version": "0.22.0",
        "communication_protocol_version": "1.2.0",
        "pytorch_version": "1.7.1",
        "numpy_version": "1.18.5",
        "end_time_seconds": "1616495012"
    },
    "total": 23.158885899999998,
    "count": 1,
    "self": 0.20605399999999818,
    "children": {
        "run_training.setup": {
            "total": 0.007131599999999683,
            "count": 1,
            "self": 0.007131599999999683
        },
        "TrainerController.start_learning": {
            "total": 22.9457003,
            "count": 1,
            "self": 0.04673700000002867,
            "children": {
                "TrainerController._reset_env": {
                    "total": 4.6821667,
                    "count": 1,
                    "self": 4.6821667
                },
                "TrainerController.advance": {
                    "total": 18.112665499999974,
                    "count": 2372,
                    "self": 0.01794419999998098,
                    "children": {
                        "env_step": {
                            "total": 18.094721299999993,
                            "count": 2372,
                            "self": 11.649762399999872,
                            "children": {
                                "SubprocessEnvManager._take_step": {
                                    "total": 6.424309800000053,
                                    "count": 2372,
                                    "self": 0.08115260000012636,
                                    "children": {
                                        "TorchPolicy.evaluate": {
                                            "total": 6.3431571999999266,
                                            "count": 2287,
                                            "self": 1.3364570999999525,
                                            "children": {
                                                "TorchPolicy.sample_actions": {
                                                    "total": 5.006700099999974,
                                                    "count": 2287,
                                                    "self": 5.006700099999974
                                                }
                                            }
                                        }
                                    }
                                },
                                "workers": {
                                    "total": 0.020649100000067477,
                                    "count": 2371,
                                    "self": 0.0,
                                    "children": {
                                        "worker_root": {
                                            "total": 19.118650200000026,
                                            "count": 2371,
                                            "is_parallel": true,
                                            "self": 8.884171900000077,
                                            "children": {
                                                "steps_from_proto": {
                                                    "total": 0.00025739999999974117,
                                                    "count": 1,
                                                    "is_parallel": true,
                                                    "self": 0.00012379999999945213,
                                                    "children": {
                                                        "_process_vector_observation": {
                                                            "total": 0.00013360000000028904,
                                                            "count": 2,
                                                            "is_parallel": true,
                                                            "self": 0.00013360000000028904
                                                        }
                                                    }
                                                },
                                                "UnityEnvironment.step": {
                                                    "total": 10.23422089999995,
                                                    "count": 2371,
                                                    "is_parallel": true,
                                                    "self": 0.10255219999997678,
                                                    "children": {
                                                        "UnityEnvironment._generate_step_input": {
                                                            "total": 0.19146339999998485,
                                                            "count": 2371,
                                                            "is_parallel": true,
                                                            "self": 0.19146339999998485
                                                        },
                                                        "communicator.exchange": {
                                                            "total": 9.56659089999998,
                                                            "count": 2371,
                                                            "is_parallel": true,
                                                            "self": 9.56659089999998
                                                        },
                                                        "steps_from_proto": {
                                                            "total": 0.373614400000009,
                                                            "count": 2371,
                                                            "is_parallel": true,
                                                            "self": 0.20340590000004166,
                                                            "children": {
                                                                "_process_vector_observation": {
                                                                    "total": 0.17020849999996734,
                                                                    "count": 4742,
                                                                    "is_parallel": true,
                                                                    "self": 0.17020849999996734
                                                                }
                                                            }
                                                        }
                                                    }
                                                }
                                            }
                                        }
                                    }
                                }
                            }
                        }
                    }
                },
                "trainer_threads": {
                    "total": 1.409999999779643e-05,
                    "count": 1,
                    "self": 1.409999999779643e-05,
                    "children": {
                        "thread_root": {
                            "total": 0.0,
                            "count": 0,
                            "is_parallel": true,
                            "self": 0.0,
                            "children": {
                                "trainer_advance": {
                                    "total": 18.14208770000006,