{
    "name": "root",
    "gauges": {
        "BallAgentStage1.Policy.Entropy.mean": {
            "value": 0.7128018140792847,
            "min": 0.7128018140792847,
            "max": 1.3377201557159424,
            "count": 4
        },
        "BallAgentStage1.Environment.EpisodeLength.mean": {
            "value": 5.748414090970441,
            "min": 5.748414090970441,
            "max": 14.513496742165684,
            "count": 4
        },
        "BallAgentStage1.Policy.ExtrinsicValueEstimate.mean": {
            "value": 0.9683958292007446,
            "min": 0.2799628973007202,
            "max": 0.9683958292007446,
            "count": 4
        },
        "BallAgentStage1.Environment.CumulativeReward.mean": {
            "value": 0.9983803482251316,
            "min": 0.2988826815642458,
            "max": 0.9983803482251316,
            "count": 4
        },
        "BallAgentStage1.Policy.ExtrinsicReward.mean": {
            "value": 0.9983803482251316,
            "min": 0.2988826815642458,
            "max": 0.9983803482251316,
            "count": 4
        },
        "BallAgentStage1.Losses.PolicyLoss.mean": {
            "value": 0.02184775956130276,
            "min": 0.02184775956130276,
            "max": 0.02567933892675986,
            "count": 4
        },
        "BallAgentStage1.Losses.ValueLoss.mean": {
            "value": 0.0017388120324661337,
            "min": 0.0017388120324661337,
            "max": 0.3392566461736957,
            "count": 4
        },
        "BallAgentStage1.Policy.LearningRate.mean": {
            "value": 0.00019543815485396004,
            "min": 0.00019543815485396004,
            "max": 0.00028462455512515,
            "count": 4
        },
        "BallAgentStage1.Policy.Epsilon.mean": {
            "value": 0.16514604000000002,
            "min": 0.16514604000000002,
            "max": 0.19487485000000002,
            "count": 4
        },
        "BallAgentStage1.Policy.Beta.mean": {
            "value": 0.0032607873960000004,
            "min": 0.0032607873960000004,
            "max": 0.0047442550150000005,
            "count": 4
        },
        "BallAgentStage1.IsTraining.mean": {
            "value": 1.0,
            "min": 1.0,
            "max": 1.0,
            "count": 4
        }
    },
    "metadata": {
        "timer_format_version": "0.1.0",
        "start_time_seconds": "1616493194",
        "python_version": "3.8.8 (default, Feb 24 2021, 15:54:32) [MSC v.1928 64 bit (AMD64)]",
        "command_line_arguments": "C:\\Users\\Home\\anaconda3\\envs\\unity\\Scripts\\mlagents-learn config/trainer_config.yaml --run-id=t223t --train",
        "mlagents_version": "0.22.0",
        "mlagents_envs_version": "0.22.0",
        "communication_protocol_version": "1.2.0",
        "pytorch_version": "1.7.1",
        "numpy_version": "1.18.5",
        "end_time_seconds": "1616493485"
    },
    "total": 291.5053288,
    "count": 1,
    "self": 0.20166359999996075,
    "children": {
        "run_training.setup": {
            "total": 0.007471400000000017,
            "count": 1,
            "self": 0.007471400000000017
        },
        "TrainerController.start_learning": {
            "total": 291.2961938,
            "count": 1,
            "self": 0.36685590000183765,
            "children": {
                "TrainerController._reset_env": {
                    "total": 59.8378639,
                    "count": 1,
                    "self": 59.8378639
                },
                "TrainerController.advance": {
                    "total": 230.9749569999982,
                    "count": 21693,
                    "self": 0.160185799997123,
                    "children": {
                        "env_step": {
                            "total": 230.81477120000108,
                            "count": 21693,
                            "self": 202.34219480000235,
                            "children": {
                                "SubprocessEnvManager._take_step": {
                                    "total": 28.265144300001374,
                                    "count": 21693,
                                    "self": 0.4529057000014305,
                                    "children": {
                                        "TorchPolicy.evaluate": {
                                            "total": 27.812238599999944,
                                            "count": 8234,
                                            "self": 6.0261309000013625,
                                            "children": {
                                                "TorchPolicy.sample_actions": {
                                                    "total": 21.78610769999858,
                                                    "count": 8234,
                                                    "self": 21.78610769999858
                                                }
                                            }
                                        }
                                    }
                                },
                                "workers": {
                                    "total": 0.20743209999734802,
                                    "count": 21692,
                                    "self": 0.0,
                                    "children": {
                                        "worker_root": {
                                            "total": 231.86913529999808,
                                            "count": 21692,
                                            "is_parallel": true,
                                            "self": 57.21205329999751,
                                            "children": {
                                                "steps_from_proto": {
                                                    "total": 0.00047209999999608954,
                                                    "count": 1,
                                                    "is_parallel": true,
                                                    "self": 0.00018920000000122172,
                                                    "children": {
                                                        "_process_vector_observation": {
                                                            "total": 0.0002828999999948678,
                                                            "count": 2,
                                                            "is_parallel": true,
                                                            "self": 0.0002828999999948678
                                                        }
                                                    }
                                                },
                                                "UnityEnvironment.step": {
                                                    "total": 174.65660990000057,
                                                    "count": 21692,
                                                    "is_parallel": true,
                                                    "self": 1.2969462999993198,
                                                    "children": {
                                                        "UnityEnvironment._generate_step_input": {
                                                            "total": 4.317139899997493,
                                                            "count": 21692,
                                                            "is_parallel": true,
                                                            "self": 4.317139899997493
                                                        },
                                                        "communicator.exchange": {
                                                            "total": 164.3553667000016,
                                                            "count": 21692,