{
    "name": "root",
    "gauges": {
        "BallAgentStage2.Policy.Entropy.mean": {
            "value": 0.4038095474243164,
            "min": 0.4038095474243164,
            "max": 1.341004490852356,
            "count": 5
        },
        "BallAgentStage2.Environment.EpisodeLength.mean": {
            "value": 12.313897763578275,
            "min": 12.313897763578275,
            "max": 31.933377308707126,
            "count": 5
        },
        "BallAgentStage2.Policy.ExtrinsicValueEstimate.mean": {
            "value": 0.938779354095459,
            "min": 0.12233460694551468,
            "max": 0.938779354095459,
            "count": 5
        },
        "BallAgentStage2.Environment.CumulativeReward.mean": {
            "value": 0.9976038338658147,
            "min": 0.2316831683168317,
            "max": 0.9976038338658147,
            "count": 5
        },
        "BallAgentStage2.Policy.ExtrinsicReward.mean": {
            "value": 0.9976038338658147,
            "min": 0.2316831683168317,
            "max": 0.9976038338658147,
            "count": 5
        },
        "BallAgentStage2.Losses.PolicyLoss.mean": {
            "value": 0.06889921210658473,
            "min": 0.06792269626477114,
            "max": 0.07183300527489275,
            "count": 5
        },
        "BallAgentStage2.Losses.ValueLoss.mean": {
            "value": 0.0010454840891391066,
            "min": 0.0010454840891391066,
            "max": 0.027948325330582568,
            "count": 5
        },
        "BallAgentStage2.Policy.LearningRate.mean": {
            "value": 0.00026642684619105494,
            "min": 0.00026642684619105494,
            "max": 0.00029621485126171665,
            "count": 5
        },
        "BallAgentStage2.Policy.Epsilon.mean": {
            "value": 0.1444044725,
            "min": 0.1444044725,
            "max": 0.14936914166666662,
            "count": 5
        },
        "BallAgentStage2.Policy.Beta.mean": {
            "value": 0.0008892085555,
            "min": 0.0008892085555,
            "max": 0.000987509005,
            "count": 5
        },
        "BallAgentStage2.IsTraining.mean": {
            "value": 1.0,
            "min": 1.0,
            "max": 1.0,
            "count": 5
        }
    },
    "metadata": {
        "timer_format_version": "0.1.0",
        "start_time_seconds": "1616496898",
        "python_version": "3.8.8 (default, Feb 24 2021, 15:54:32) [MSC v.1928 64 bit (AMD64)]",
        "command_line_arguments": "C:\\Users\\Home\\anaconda3\\envs\\unity\\Scripts\\mlagents-learn config/trainer_config.yaml --run-id=t133t --train",
        "mlagents_version": "0.22.0",
        "mlagents_envs_version": "0.22.0",
        "communication_protocol_version": "1.2.0",
        "pytorch_version": "1.7.1",
        "numpy_version": "1.18.5",
        "end_time_seconds": "1616497177"
    },
    "total": 278.00569659999996,
    "count": 1,
    "self": 0.21003249999989748,
    "children": {
        "run_training.setup": {
            "total": 0.007862900000000117,
            "count": 1,
            "self": 0.007862900000000117
        },
        "TrainerController.start_learning": {
            "total": 277.78780120000005,
            "count": 1,
            "self": 0.218501100000708,
            "children": {
                "TrainerController._reset_env": {
                    "total": 5.5456927,
                    "count": 1,
                    "self": 5.5456927
                },
                "TrainerController.advance": {
                    "total": 271.9098855999993,
                    "count": 12090,
                    "self": 0.09802109999895947,
                    "children": {
                        "env_step": {
                            "total": 271.81186450000035,
                            "count": 12090,
                            "self": 258.67368810000204,
                            "children": {
                                "SubprocessEnvManager._take_step": {
                                    "total": 13.014890499998508,
                                    "count": 12090,
                                    "self": 0.3157020999984823,
                                    "children": {
                                        "TorchPolicy.evaluate": {
                                            "total": 12.699188400000025,
                                            "count": 4041,
                                            "self": 2.826220099999567,
                                            "children": {
                                                "TorchPolicy.sample_actions": {
                                                    "total": 9.872968300000458,
                                                    "count": 4041,
                                                    "self": 9.872968300000458
                                                }
                                            }
                                        }
                                    }
                                },
                                "workers": {
                                    "total": 0.12328589999983386,
                                    "count": 12089,
                                    "self": 0.0,
                                    "children": {
                                        "worker_root": {
                                            "total": 272.870724799999,
                                            "count": 12089,
                                            "is_parallel": true,
                                            "self": 72.2071664999986,
                                            "children": {
                                                "steps_from_proto": {
                                                    "total": 0.0011849999999995475,
                                                    "count": 1,
                                                    "is_parallel": true,
                                                    "self": 0.0002616999999993652,
                                                    "children": {
                                                        "_process_vector_observation": {
                                                            "total": 0.0009233000000001823,
                                                            "count": 2,
                                                            "is_parallel": true,
                                                            "self": 0.0009233000000001823
                                                        }
                                                    }
                                                },
                                                "UnityEnvironment.step": {
                                                    "total": 200.66237330000038,
                                                    "count": 12089,
                                                    "is_parallel": true,
                                                    "self": 0.9522073999984002,
                                                    "children": {
                                                        "UnityEnvironment._generate_step_input": {
                                                            "total": 5.932140699998899,
                                                            "count": 12089,
                                                            "is_parallel": true,
                                                            "self": 5.932140699998899
                                                        },
                                                        "communicator.exchange": {
                                                            "total": 188.08957130000107,
                                                            "count": 12089,