{
    "name": "root",
    "gauges": {
        "BallAgentStage3.Policy.Entropy.mean": {
            "value": 1.1862658262252808,
            "min": 1.1862658262252808,
            "max": 1.1862658262252808,
            "count": 1
        },
        "BallAgentStage3.Environment.EpisodeLength.mean": {
            "value": 21.295586268390547,
            "min": 21.295586268390547,
            "max": 21.295586268390547,
            "count": 1
        },
        "BallAgentStage3.Policy.ExtrinsicValueEstimate.mean": {
            "value": -0.927754282951355,
            "min": -0.927754282951355,
            "max": -0.927754282951355,
            "count": 1
        },
        "BallAgentStage3.Environment.CumulativeReward.mean": {
            "value": 0.043264942016057094,
            "min": 0.043264942016057094,
            "max": 0.043264942016057094,
            "count": 1
        },
        "BallAgentStage3.Policy.ExtrinsicReward.mean": {
            "value": 0.043264942016057094,
            "min": 0.043264942016057094,
            "max": 0.043264942016057094,
            "count": 1
        },
        "BallAgentStage3.Losses.PolicyLoss.mean": {
            "value": 0.02078746807916711,
            "min": 0.02078746807916711,
            "max": 0.02078746807916711,
            "count": 1
        },
        "BallAgentStage3.Losses.ValueLoss.mean": {
            "value": 4.717708582679431,
            "min": 4.717708582679431,
            "max": 4.717708582679431,
            "count": 1
        },
        "BallAgentStage3.Policy.LearningRate.mean": {
            "value": 0.00028460835513054996,
            "min": 0.00028460835513054996,
            "max": 0.00028460835513054996,
            "count": 1
        },
        "BallAgentStage3.Policy.Epsilon.mean": {
            "value": 0.19486945000000003,
            "min": 0.19486945000000003,
            "max": 0.19486945000000003,
            "count": 1
        },
        "BallAgentStage3.Policy.Beta.mean": {
            "value": 0.004743985555,
            "min": 0.004743985555,
            "max": 0.004743985555,
            "count": 1
        },
        "BallAgentStage3.IsTraining.mean": {
            "value": 1.0,
            "min": 1.0,
            "max": 1.0,
            "count": 1
        }
    },
    "metadata": {
        "timer_format_version": "0.1.0",
        "start_time_seconds": "1613919558",
        "python_version": "3.8.5 (default, Sep  3 2020, 21:29:08) [MSC v.1916 64 bit (AMD64)]",
        "command_line_arguments": "C:\\Users\\Home\\anaconda3\\envs\\un1\\Scripts\\mlagents-learn config/trainer_config.yaml --run-id=tfgghghfgt --train",
        "mlagents_version": "0.22.0",
        "mlagents_envs_version": "0.22.0",
        "communication_protocol_version": "1.2.0",
        "pytorch_version": "1.7.1",
        "numpy_version": "1.18.5",
        "end_time_seconds": "1613919649"
    },
    "total": 91.0462536,
    "count": 1,
    "self": 0.24813890000000072,
    "children": {
        "run_training.setup": {
            "total": 0.007916000000000256,
            "count": 1,
            "self": 0.007916000000000256
        },
        "TrainerController.start_learning": {
            "total": 90.7901987,
            "count": 1,
            "self": 0.06605310000026066,
            "children": {
                "TrainerController._reset_env": {
                    "total": 24.463848499999997,
                    "count": 1,
                    "self": 24.463848499999997
                },
                "TrainerController.advance": {
                    "total": 66.16196129999975,
                    "count": 3014,
                    "self": 0.027361299999682842,
                    "children": {
                        "env_step": {
                            "total": 66.13460000000006,
                            "count": 3014,
                            "self": 60.91895899999957,
                            "children": {
                                "SubprocessEnvManager._take_step": {
                                    "total": 5.179871300000112,
                                    "count": 3014,
                                    "self": 0.09483189999996355,
                                    "children": {
                                        "TorchPolicy.evaluate": {
                                            "total": 5.085039400000149,
                                            "count": 1364,
                                            "self": 1.8182865000001307,
                                            "children": {
                                                "TorchPolicy.sample_actions": {
                                                    "total": 3.266752900000018,
                                                    "count": 1364,
                                                    "self": 3.266752900000018
                                                }
                                            }
                                        }
                                    }
                                },
                                "workers": {
                                    "total": 0.03576970000038315,
                                    "count": 3013,
                                    "self": 0.0,
                                    "children": {
                                        "worker_root": {
                                            "total": 67.39047980000028,
                                            "count": 3013,
                                            "is_parallel": true,
                                            "self": 11.690900400000402,
                                            "children": {
                                                "steps_from_proto": {
                                                    "total": 0.0011724999999991326,
                                                    "count": 1,
                                                    "is_parallel": true,
                                                    "self": 0.0002707999999991273,
                                                    "children": {
                                                        "_process_vector_observation": {
                                                            "total": 0.0009017000000000053,
                                                            "count": 2,
                                                            "is_parallel": true,
                                                            "self": 0.0009017000000000053
                                                        }
                                                    }
                                                },
                                                "UnityEnvironment.step": {
                                                    "total": 55.69840689999988,
                                                    "count": 3013,
                                                    "is_parallel": true,
                                                    "self": 0.2251450000009001,
                                                    "children": {
                                                        "UnityEnvironment._generate_step_input": {
                                                            "total": 1.2095517999998577,
                                                            "count": 3013,
                                                            "is_parallel": true,
                                                            "self": 1.2095517999998577
                                                        },
                                                        "communicator.exchange": {
                                                            "total": 52.69773389999933,
                                                            "count": 3013,