{
    "name": "root",
    "gauges": {
        "BallAgentStage3.Policy.Entropy.mean": {
            "value": 1.1760973930358887,
            "min": 1.1760973930358887,
            "max": 1.1760973930358887,
            "count": 1
        },
        "BallAgentStage3.Environment.EpisodeLength.mean": {
            "value": 21.047914818101155,
            "min": 21.047914818101155,
            "max": 21.047914818101155,
            "count": 1
        },
        "BallAgentStage3.Policy.ExtrinsicValueEstimate.mean": {
            "value": 3.3357677459716797,
            "min": 3.3357677459716797,
            "max": 3.3357677459716797,
            "count": 1
        },
        "BallAgentStage3.Environment.CumulativeReward.mean": {
            "value": 0.052374611628939194,
            "min": 0.052374611628939194,
            "max": 0.052374611628939194,
            "count": 1
        },
        "BallAgentStage3.Policy.ExtrinsicReward.mean": {
            "value": 0.052374611628939194,
            "min": 0.052374611628939194,
            "max": 0.052374611628939194,
            "count": 1
        },
        "BallAgentStage3.Losses.PolicyLoss.mean": {
            "value": 0.024069567723199726,
            "min": 0.024069567723199726,
            "max": 0.024069567723199726,
            "count": 1
        },
        "BallAgentStage3.Losses.ValueLoss.mean": {
            "value": 10.295017344752948,
            "min": 10.295017344752948,
            "max": 10.295017344752948,
            "count": 1
        },
        "BallAgentStage3.Policy.LearningRate.mean": {
            "value": 0.00028458735513754995,
            "min": 0.00028458735513754995,
            "max": 0.00028458735513754995,
            "count": 1
        },
        "BallAgentStage3.Policy.Epsilon.mean": {
            "value": 0.19486245000000002,
            "min": 0.19486245000000002,
            "max": 0.19486245000000002,
            "count": 1
        },
        "BallAgentStage3.Policy.Beta.mean": {
            "value": 0.004743636254999999,
            "min": 0.004743636254999999,
            "max": 0.004743636254999999,
            "count": 1
        },
        "BallAgentStage3.IsTraining.mean": {
            "value": 1.0,
            "min": 1.0,
            "max": 1.0,
            "count": 1
        }
    },
    "metadata": {
        "timer_format_version": "0.1.0",
        "start_time_seconds": "1613918381",
        "python_version": "3.8.5 (default, Sep  3 2020, 21:29:08) [MSC v.1916 64 bit (AMD64)]",
        "command_line_arguments": "C:\\Users\\Home\\anaconda3\\envs\\un1\\Scripts\\mlagents-learn config/trainer_config.yaml --run-id=tfgghgt --train",
        "mlagents_version": "0.22.0",
        "mlagents_envs_version": "0.22.0",
        "communication_protocol_version": "1.2.0",
        "pytorch_version": "1.7.1",
        "numpy_version": "1.18.5",
        "end_time_seconds": "1613918449"
    },
    "total": 68.710917,
    "count": 1,
    "self": 0.20780379999999354,
    "children": {
        "run_training.setup": {
            "total": 0.00701520000000011,
            "count": 1,
            "self": 0.00701520000000011
        },
        "TrainerController.start_learning": {
            "total": 68.496098,
            "count": 1,
            "self": 0.06297920000001511,
            "children": {
                "TrainerController._reset_env": {
                    "total": 8.6518588,
                    "count": 1,
                    "self": 8.6518588
                },
                "TrainerController.advance": {
                    "total": 59.68243199999999,
                    "count": 3040,
                    "self": 0.025322499999759884,
                    "children": {
                        "env_step": {
                            "total": 59.65710950000023,
                            "count": 3040,
                            "self": 54.03843010000025,
                            "children": {
                                "SubprocessEnvManager._take_step": {
                                    "total": 5.58540819999998,
                                    "count": 3040,
                                    "self": 0.08905939999999468,
                                    "children": {
                                        "TorchPolicy.evaluate": {
                                            "total": 5.496348799999986,
                                            "count": 1401,
                                            "self": 1.3592019999999287,
                                            "children": {
                                                "TorchPolicy.sample_actions": {
                                                    "total": 4.137146800000057,
                                                    "count": 1401,
                                                    "self": 4.137146800000057
                                                }
                                            }
                                        }
                                    }
                                },
                                "workers": {
                                    "total": 0.03327120000000505,
                                    "count": 3039,
                                    "self": 0.0,
                                    "children": {
                                        "worker_root": {
                                            "total": 60.74989040000002,
                                            "count": 3039,
                                            "is_parallel": true,
                                            "self": 10.947403899999884,
                                            "children": {
                                                "steps_from_proto": {
                                                    "total": 0.0010110999999994874,
                                                    "count": 1,
                                                    "is_parallel": true,
                                                    "self": 0.00023339999999905103,
                                                    "children": {
                                                        "_process_vector_observation": {
                                                            "total": 0.0007777000000004364,
                                                            "count": 2,
                                                            "is_parallel": true,
                                                            "self": 0.0007777000000004364
                                                        }
                                                    }
                                                },
                                                "UnityEnvironment.step": {
                                                    "total": 49.801475400000136,
                                                    "count": 3039,
                                                    "is_parallel": true,
                                                    "self": 0.221993700000219,
                                                    "children": {
                                                        "UnityEnvironment._generate_step_input": {
                                                            "total": 1.1989135000000886,
                                                            "count": 3039,
                                                            "is_parallel": true,
                                                            "self": 1.1989135000000886
                                                        },
                                                        "communicator.exchange": {
                                                            "total": 46.863687200000015,
                                                            "count": 3039,