{
    "name": "root",
    "gauges": {
        "BallAgentStage3.Policy.Entropy.mean": {
            "value": 1.3067240715026855,
            "min": 1.3067240715026855,
            "max": 1.3067240715026855,
            "count": 1
        },
        "BallAgentStage3.Environment.EpisodeLength.mean": {
            "value": 25.213052858683927,
            "min": 25.213052858683927,
            "max": 25.213052858683927,
            "count": 1
        },
        "BallAgentStage3.Policy.ExtrinsicValueEstimate.mean": {
            "value": 7.823727607727051,
            "min": 7.823727607727051,
            "max": 7.823727607727051,
            "count": 1
        },
        "BallAgentStage3.Environment.CumulativeReward.mean": {
            "value": 0.0593311758360302,
            "min": 0.0593311758360302,
            "max": 0.0593311758360302,
            "count": 1
        },
        "BallAgentStage3.Policy.ExtrinsicReward.mean": {
            "value": 0.0593311758360302,
            "min": 0.0593311758360302,
            "max": 0.0593311758360302,
            "count": 1
        },
        "BallAgentStage3.Losses.PolicyLoss.mean": {
            "value": 0.02320177695946768,
            "min": 0.02320177695946768,
            "max": 0.02320177695946768,
            "count": 1
        },
        "BallAgentStage3.Losses.ValueLoss.mean": {
            "value": 25.774934085210162,
            "min": 25.774934085210162,
            "max": 25.774934085210162,
            "count": 1
        },
        "BallAgentStage3.Policy.LearningRate.mean": {
            "value": 0.0002846010051329999,
            "min": 0.0002846010051329999,
            "max": 0.0002846010051329999,
            "count": 1
        },
        "BallAgentStage3.Policy.Epsilon.mean": {
            "value": 0.19486700000000004,
            "min": 0.19486700000000004,
            "max": 0.19486700000000004,
            "count": 1
        },
        "BallAgentStage3.Policy.Beta.mean": {
            "value": 0.0047438633,
            "min": 0.0047438633,
            "max": 0.0047438633,
            "count": 1
        },
        "BallAgentStage3.IsTraining.mean": {
            "value": 1.0,
            "min": 1.0,
            "max": 1.0,
            "count": 1
        }
    },
    "metadata": {
        "timer_format_version": "0.1.0",
        "start_time_seconds": "1613919991",
        "python_version": "3.8.5 (default, Sep  3 2020, 21:29:08) [MSC v.1916 64 bit (AMD64)]",
        "command_line_arguments": "C:\\Users\\Home\\anaconda3\\envs\\un1\\Scripts\\mlagents-learn config/trainer_config.yaml --run-id=j --train",
        "mlagents_version": "0.22.0",
        "mlagents_envs_version": "0.22.0",
        "communication_protocol_version": "1.2.0",
        "pytorch_version": "1.7.1",
        "numpy_version": "1.18.5",
        "end_time_seconds": "1613920081"
    },
    "total": 90.0747925,
    "count": 1,
    "self": 0.31100279999999714,
    "children": {
        "run_training.setup": {
            "total": 0.00803149999999997,
            "count": 1,
            "self": 0.00803149999999997
        },
        "TrainerController.start_learning": {
            "total": 89.7557582,
            "count": 1,
            "self": 0.07606350000004625,
            "children": {
                "TrainerController._reset_env": {
                    "total": 18.4641555,
                    "count": 1,
                    "self": 18.4641555
                },
                "TrainerController.advance": {
                    "total": 71.04010879999997,
                    "count": 2842,
                    "self": 0.027404000000004203,
                    "children": {
                        "env_step": {
                            "total": 71.01270479999997,
                            "count": 2842,
                            "self": 65.17884869999999,
                            "children": {
                                "SubprocessEnvManager._take_step": {
                                    "total": 5.7992153000001885,
                                    "count": 2842,
                                    "self": 0.10602550000015398,
                                    "children": {
                                        "TorchPolicy.evaluate": {
                                            "total": 5.6931898000000345,
                                            "count": 1444,
                                            "self": 1.7719607999998601,
                                            "children": {
                                                "TorchPolicy.sample_actions": {
                                                    "total": 3.9212290000001744,
                                                    "count": 1444,
                                                    "self": 3.9212290000001744
                                                }
                                            }
                                        }
                                    }
                                },
                                "workers": {
                                    "total": 0.03464079999978864,
                                    "count": 2841,
                                    "self": 0.0,
                                    "children": {
                                        "worker_root": {
                                            "total": 72.21158929999964,
                                            "count": 2841,
                                            "is_parallel": true,
                                            "self": 12.685819799999742,
                                            "children": {
                                                "steps_from_proto": {
                                                    "total": 0.001150400000000218,
                                                    "count": 1,
                                                    "is_parallel": true,
                                                    "self": 0.0002901999999984639,
                                                    "children": {
                                                        "_process_vector_observation": {
                                                            "total": 0.000860200000001754,
                                                            "count": 2,
                                                            "is_parallel": true,
                                                            "self": 0.000860200000001754
                                                        }
                                                    }
                                                },
                                                "UnityEnvironment.step": {
                                                    "total": 59.5246190999999,
                                                    "count": 2841,
                                                    "is_parallel": true,
                                                    "self": 0.23515729999952129,
                                                    "children": {
                                                        "UnityEnvironment._generate_step_input": {
                                                            "total": 1.281456099999911,
                                                            "count": 2841,
                                                            "is_parallel": true,
                                                            "self": 1.281456099999911
                                                        },
                                                        "communicator.exchange": {
                                                            "total": 56.367576800000094,
                                                            "count": 2841,
                                                            "is_parallel": true,