{
    "name": "root",
    "metadata": {
        "timer_format_version": "0.1.0",
        "start_time_seconds": "1613917822",
        "python_version": "3.8.5 (default, Sep  3 2020, 21:29:08) [MSC v.1916 64 bit (AMD64)]",
        "command_line_arguments": "C:\\Users\\Home\\anaconda3\\envs\\un1\\Scripts\\mlagents-learn config/trainer_config.yaml --run-id=t3454t --train",
        "mlagents_version": "0.22.0",
        "mlagents_envs_version": "0.22.0",
        "communication_protocol_version": "1.2.0",
        "pytorch_version": "1.7.1",
        "numpy_version": "1.18.5",
        "end_time_seconds": "1613917891"
    },
    "total": 69.0637258,
    "count": 1,
    "self": 0.09080890000001318,
    "children": {
        "run_training.setup": {
            "total": 0.009434500000000234,
            "count": 1,
            "self": 0.009434500000000234
        },
        "TrainerController.start_learning": {
            "total": 68.96348239999999,
            "count": 1,
            "self": 0.06143920000026526,
            "children": {
                "TrainerController._reset_env": {
                    "total": 42.993202499999995,
                    "count": 1,
                    "self": 42.993202499999995
                },
                "TrainerController.advance": {
                    "total": 25.704358299999726,
                    "count": 3175,
                    "self": 0.022180099999722813,
                    "children": {
                        "env_step": {
                            "total": 25.682178200000003,
                            "count": 3175,
                            "self": 17.43221479999962,
                            "children": {
                                "SubprocessEnvManager._take_step": {
                                    "total": 8.22194260000014,
                                    "count": 3175,
                                    "self": 0.10100710000003943,
                                    "children": {
                                        "TorchPolicy.evaluate": {
                                            "total": 8.120935500000101,
                                            "count": 3071,
                                            "self": 1.533192900000266,
                                            "children": {
                                                "TorchPolicy.sample_actions": {
                                                    "total": 6.587742599999835,
                                                    "count": 3071,
                                                    "self": 6.587742599999835
                                                }
                                            }
                                        }
                                    }
                                },
                                "workers": {
                                    "total": 0.028020800000241763,
                                    "count": 3174,
                                    "self": 0.0,
                                    "children": {
                                        "worker_root": {
                                            "total": 27.91380210000029,
                                            "count": 3174,
                                            "is_parallel": true,
                                            "self": 12.124050100000218,
                                            "children": {
                                                "steps_from_proto": {
                                                    "total": 0.0003409999999988145,
                                                    "count": 1,
                                                    "is_parallel": true,
                                                    "self": 0.00013880000000199288,
                                                    "children": {
                                                        "_process_vector_observation": {
                                                            "total": 0.0002021999999968216,
                                                            "count": 2,
                                                            "is_parallel": true,
                                                            "self": 0.0002021999999968216
                                                        }
                                                    }
                                                },
                                                "UnityEnvironment.step": {
                                                    "total": 15.789411000000072,
                                                    "count": 3174,
                                                    "is_parallel": true,
                                                    "self": 0.1282363999993663,
                                                    "children": {
                                                        "UnityEnvironment._generate_step_input": {
                                                            "total": 0.24726690000031937,
                                                            "count": 3174,
                                                            "is_parallel": true,
                                                            "self": 0.24726690000031937
                                                        },
                                                        "communicator.exchange": {
                                                            "total": 14.93489210000017,
                                                            "count": 3174,
                                                            "is_parallel": true,
                                                            "self": 14.93489210000017
                                                        },
                                                        "steps_from_proto": {
                                                            "total": 0.47901560000021703,
                                                            "count": 3174,
                                                            "is_parallel": true,
                                                            "self": 0.2632713000000422,
                                                            "children": {
                                                                "_process_vector_observation": {
                                                                    "total": 0.21574430000017486,
                                                                    "count": 6348,
                                                                    "is_parallel": true,
                                                                    "self": 0.21574430000017486
                                                                }
                                                            }
                                                        }
                                                    }
                                                }
                                            }
                                        }
                                    }
                                }
                            }
                        }
                    }
                },
                "trainer_threads": {
                    "total": 1.350000000854834e-05,
                    "count": 1,
                    "self": 1.350000000854834e-05,
                    "children": {
                        "thread_root": {
                            "total": 0.0,
                            "count": 0,
                            "is_parallel": true,
                            "self": 0.0,
                            "children": {
                                "trainer_advance": {
                                    "total": 25.743356999999904,