{
    "name": "root",
    "gauges": {
        "BallAgentStage2.Policy.Entropy.mean": {
            "value": 0.48516911268234253,
            "min": 0.3898169994354248,
            "max": 1.3479902744293213,
            "count": 14
        },
        "BallAgentStage2.Environment.EpisodeLength.mean": {
            "value": 15.742953020134228,
            "min": 12.384057971014492,
            "max": 31.92551087673039,
            "count": 14
        },
        "BallAgentStage2.Policy.ExtrinsicValueEstimate.mean": {
            "value": 0.825970470905304,
            "min": 0.1173321083188057,
            "max": 0.8310530185699463,
            "count": 14
        },
        "BallAgentStage2.Environment.CumulativeReward.mean": {
            "value": 0.8822147651006711,
            "min": 0.21160184574818722,
            "max": 0.8822147651006711,
            "count": 14
        },
        "BallAgentStage2.Policy.ExtrinsicReward.mean": {
            "value": 0.8822147651006711,
            "min": 0.21160184574818722,
            "max": 0.8822147651006711,
            "count": 14
        },
        "BallAgentStage2.Losses.PolicyLoss.mean": {
            "value": 0.06969724744916536,
            "min": 0.06661528631583111,
            "max": 0.07339682766826292,
            "count": 14
        },
        "BallAgentStage2.Losses.ValueLoss.mean": {
            "value": 0.0016784977584572134,
            "min": 0.0005287764067034937,
            "max": 0.023583036263942973,
            "count": 14
        },
        "BallAgentStage2.Policy.LearningRate.mean": {
            "value": 0.00019857003381,
            "min": 0.00019857003381,
            "max": 0.00029621780126073337,
            "count": 14
        },
        "BallAgentStage2.Policy.Epsilon.mean": {
            "value": 0.133095,
            "min": 0.133095,
            "max": 0.1493696333333333,
            "count": 14
        },
        "BallAgentStage2.Policy.Beta.mean": {
            "value": 0.0006652810000000002,
            "min": 0.0006652810000000002,
            "max": 0.00098751874,
            "count": 14
        },
        "BallAgentStage2.IsTraining.mean": {
            "value": 1.0,
            "min": 1.0,
            "max": 1.0,
            "count": 14
        }
    },
    "metadata": {
        "timer_format_version": "0.1.0",
        "start_time_seconds": "1616501702",
        "python_version": "3.8.8 (default, Feb 24 2021, 15:54:32) [MSC v.1928 64 bit (AMD64)]",
        "command_line_arguments": "C:\\Users\\Home\\anaconda3\\envs\\unity\\Scripts\\mlagents-learn config/trainer_config.yaml --run-id=t36522t --train",
        "mlagents_version": "0.22.0",
        "mlagents_envs_version": "0.22.0",
        "communication_protocol_version": "1.2.0",
        "pytorch_version": "1.7.1",
        "numpy_version": "1.18.5",
        "end_time_seconds": "1616502507"
    },
    "total": 804.8757236,
    "count": 1,
    "self": 0.21307950000004894,
    "children": {
        "run_training.setup": {
            "total": 0.0075281000000000375,
            "count": 1,
            "self": 0.0075281000000000375
        },
        "TrainerController.start_learning": {
            "total": 804.655116,
            "count": 1,
            "self": 0.6831414999974186,
            "children": {
                "TrainerController._reset_env": {
                    "total": 5.2751982,
                    "count": 1,
                    "self": 5.2751982
                },
                "TrainerController.advance": {
                    "total": 798.5990694000026,
                    "count": 36237,
                    "self": 0.3190889000060224,
                    "children": {
                        "env_step": {
                            "total": 798.2799804999966,
                            "count": 36237,
                            "self": 759.7879891999922,
                            "children": {
                                "SubprocessEnvManager._take_step": {
                                    "total": 38.100382499996996,
                                    "count": 36237,
                                    "self": 0.93397699999759,
                                    "children": {
                                        "TorchPolicy.evaluate": {
                                            "total": 37.16640549999941,
                                            "count": 11551,
                                            "self": 8.295697099999842,
                                            "children": {
                                                "TorchPolicy.sample_actions": {
                                                    "total": 28.870708399999565,
                                                    "count": 11551,
                                                    "self": 28.870708399999565
                                                }
                                            }
                                        }
                                    }
                                },
                                "workers": {
                                    "total": 0.39160880000732323,
                                    "count": 36236,
                                    "self": 0.0,
                                    "children": {
                                        "worker_root": {
                                            "total": 799.437498900006,
                                            "count": 36236,
                                            "is_parallel": true,
                                            "self": 212.3640283999947,
                                            "children": {
                                                "steps_from_proto": {
                                                    "total": 0.0011188999999998117,
                                                    "count": 1,
                                                    "is_parallel": true,
                                                    "self": 0.0002611999999997394,
                                                    "children": {
                                                        "_process_vector_observation": {
                                                            "total": 0.0008577000000000723,
                                                            "count": 2,
                                                            "is_parallel": true,
                                                            "self": 0.0008577000000000723
                                                        }
                                                    }
                                                },
                                                "UnityEnvironment.step": {
                                                    "total": 587.0723516000112,
                                                    "count": 36236,
                                                    "is_parallel": true,
                                                    "self": 2.8977079000031836,
                                                    "children": {
                                                        "UnityEnvironment._generate_step_input": {
                                                            "total": 18.720933699997648,
                                                            "count": 36236,
                                                            "is_parallel": true,
                                                            "self": 18.720933699997648
                                                        },
                                                        "communicator.exchange": {
                                                            "total": 548.7366008000038,
                                                            "count": 36236,
                                                            "is_parallel": true,