{
    "name": "root",
    "metadata": {
        "timer_format_version": "0.1.0",
        "start_time_seconds": "1612102853",
        "python_version": "3.8.5 (default, Sep  3 2020, 21:29:08) [MSC v.1916 64 bit (AMD64)]",
        "command_line_arguments": "C:\\Users\\Home\\anaconda3\\envs\\unity_rl\\Scripts\\mlagents-learn config/trainer_config.yaml --run-id=stage3_7 --train",
        "mlagents_version": "0.22.0",
        "mlagents_envs_version": "0.22.0",
        "communication_protocol_version": "1.2.0",
        "pytorch_version": "1.7.0",
        "numpy_version": "1.18.5",
        "end_time_seconds": "1612102979"
    },
    "total": 125.337243,
    "count": 1,
    "self": 0.18591940000000307,
    "children": {
        "run_training.setup": {
            "total": 0.006769500000000317,
            "count": 1,
            "self": 0.006769500000000317
        },
        "TrainerController.start_learning": {
            "total": 125.1445541,
            "count": 1,
            "self": 0.25359729999992453,
            "children": {
                "TrainerController._reset_env": {
                    "total": 6.7385302,
                    "count": 1,
                    "self": 6.7385302
                },
                "TrainerController.advance": {
                    "total": 118.05465830000006,
                    "count": 15078,
                    "self": 0.12256540000095129,
                    "children": {
                        "env_step": {
                            "total": 117.9320928999991,
                            "count": 15078,
                            "self": 84.11376910000062,
                            "children": {
                                "SubprocessEnvManager._take_step": {
                                    "total": 33.67816949999917,
                                    "count": 15078,
                                    "self": 0.48068429999971585,
                                    "children": {
                                        "TorchPolicy.evaluate": {
                                            "total": 33.197485199999456,
                                            "count": 14307,
                                            "self": 7.290534299999472,
                                            "children": {
                                                "TorchPolicy.sample_actions": {
                                                    "total": 25.906950899999984,
                                                    "count": 14307,
                                                    "self": 25.906950899999984
                                                }
                                            }
                                        }
                                    }
                                },
                                "workers": {
                                    "total": 0.14015429999930795,
                                    "count": 15077,
                                    "self": 0.0,
                                    "children": {
                                        "worker_root": {
                                            "total": 119.05883970000029,
                                            "count": 15077,
                                            "is_parallel": true,
                                            "self": 43.57342950000056,
                                            "children": {
                                                "steps_from_proto": {
                                                    "total": 0.0003076000000001855,
                                                    "count": 1,
                                                    "is_parallel": true,
                                                    "self": 0.00014850000000077301,
                                                    "children": {
                                                        "_process_vector_observation": {
                                                            "total": 0.0001590999999994125,
                                                            "count": 2,
                                                            "is_parallel": true,
                                                            "self": 0.0001590999999994125
                                                        }
                                                    }
                                                },
                                                "UnityEnvironment.step": {
                                                    "total": 75.48510259999973,
                                                    "count": 15077,
                                                    "is_parallel": true,
                                                    "self": 0.6879801999995578,
                                                    "children": {
                                                        "UnityEnvironment._generate_step_input": {
                                                            "total": 1.3361897000007046,
                                                            "count": 15077,
                                                            "is_parallel": true,
                                                            "self": 1.3361897000007046
                                                        },
                                                        "communicator.exchange": {
                                                            "total": 71.083676299999,
                                                            "count": 15077,
                                                            "is_parallel": true,
                                                            "self": 71.083676299999
                                                        },
                                                        "steps_from_proto": {
                                                            "total": 2.37725640000048,
                                                            "count": 15077,
                                                            "is_parallel": true,
                                                            "self": 1.3089078000004406,
                                                            "children": {
                                                                "_process_vector_observation": {
                                                                    "total": 1.0683486000000393,
                                                                    "count": 30154,
                                                                    "is_parallel": true,
                                                                    "self": 1.0683486000000393
                                                                }
                                                            }
                                                        }
                                                    }
                                                }
                                            }
                                        }
                                    }
                                }
                            }
                        }
                    }
                },
                "trainer_threads": {
                    "total": 3.6600000001385524e-05,
                    "count": 1,
                    "self": 3.6600000001385524e-05,
                    "children": {
                        "thread_root": {
                            "total": 0.0,
                            "count": 0,
                            "is_parallel": true,
                            "self": 0.0,
                            "children": {
                                "trainer_advance": {
                                    "total": 118.20016049999926,