{
    "name": "root",
    "gauges": {
        "BallAgentStage2.Policy.Entropy.mean": {
            "value": 0.43176743388175964,
            "min": 0.43176743388175964,
            "max": 1.339824914932251,
            "count": 8
        },
        "BallAgentStage2.Environment.EpisodeLength.mean": {
            "value": 13.465741543798785,
            "min": 12.885555555555555,
            "max": 33.073569482288825,
            "count": 8
        },
        "BallAgentStage2.Policy.ExtrinsicValueEstimate.mean": {
            "value": 0.8244052529335022,
            "min": 0.13167926669120789,
            "max": 0.8325814008712769,
            "count": 8
        },
        "BallAgentStage2.Environment.CumulativeReward.mean": {
            "value": 0.868421052631579,
            "min": 0.2058623040218132,
            "max": 0.88,
            "count": 8
        },
        "BallAgentStage2.Policy.ExtrinsicReward.mean": {
            "value": 0.868421052631579,
            "min": 0.2058623040218132,
            "max": 0.88,
            "count": 8
        },
        "BallAgentStage2.Losses.PolicyLoss.mean": {
            "value": 0.07484773505061196,
            "min": 0.06731394218782392,
            "max": 0.07484773505061196,
            "count": 8
        },
        "BallAgentStage2.Losses.ValueLoss.mean": {
            "value": 0.002292699944142115,
            "min": 0.0009364356982439501,
            "max": 0.03175531031532038,
            "count": 8
        },
        "BallAgentStage2.Policy.LearningRate.mean": {
            "value": 0.00024384079871973997,
            "min": 0.00024384079871973997,
            "max": 0.00029623106792297783,
            "count": 8
        },
        "BallAgentStage2.Policy.Epsilon.mean": {
            "value": 0.14064012999999997,
            "min": 0.14064012999999997,
            "max": 0.14937184444444443,
            "count": 8
        },
        "BallAgentStage2.Policy.Beta.mean": {
            "value": 0.0008146745740000001,
            "min": 0.0008146745740000001,
            "max": 0.0009875625199999999,
            "count": 8
        },
        "BallAgentStage2.IsTraining.mean": {
            "value": 1.0,
            "min": 1.0,
            "max": 1.0,
            "count": 8
        }
    },
    "metadata": {
        "timer_format_version": "0.1.0",
        "start_time_seconds": "1616503592",
        "python_version": "3.8.8 (default, Feb 24 2021, 15:54:32) [MSC v.1928 64 bit (AMD64)]",
        "command_line_arguments": "C:\\Users\\Home\\anaconda3\\envs\\unity\\Scripts\\mlagents-learn config/trainer_config.yaml --run-id=t13222t --train",
        "mlagents_version": "0.22.0",
        "mlagents_envs_version": "0.22.0",
        "communication_protocol_version": "1.2.0",
        "pytorch_version": "1.7.1",
        "numpy_version": "1.18.5",
        "end_time_seconds": "1616504065"
    },
    "total": 473.6193637,
    "count": 1,
    "self": 0.2020729999999844,
    "children": {
        "run_training.setup": {
            "total": 0.008415500000000353,
            "count": 1,
            "self": 0.008415500000000353
        },
        "TrainerController.start_learning": {
            "total": 473.4088752,
            "count": 1,
            "self": 0.38694530000111627,
            "children": {
                "TrainerController._reset_env": {
                    "total": 14.656056300000001,
                    "count": 1,
                    "self": 14.656056300000001
                },
                "TrainerController.advance": {
                    "total": 458.2660402999989,
                    "count": 19153,
                    "self": 0.1666135000017448,
                    "children": {
                        "env_step": {
                            "total": 458.09942679999716,
                            "count": 19153,
                            "self": 437.43870039999393,
                            "children": {
                                "SubprocessEnvManager._take_step": {
                                    "total": 20.454110800000247,
                                    "count": 19153,
                                    "self": 0.5195642000002891,
                                    "children": {
                                        "TorchPolicy.evaluate": {
                                            "total": 19.93454659999996,
                                            "count": 6304,
                                            "self": 3.985698900000191,
                                            "children": {
                                                "TorchPolicy.sample_actions": {
                                                    "total": 15.948847699999767,
                                                    "count": 6304,
                                                    "self": 15.948847699999767
                                                }
                                            }
                                        }
                                    }
                                },
                                "workers": {
                                    "total": 0.20661560000297285,
                                    "count": 19152,
                                    "self": 0.0,
                                    "children": {
                                        "worker_root": {
                                            "total": 459.4301778000026,
                                            "count": 19152,
                                            "is_parallel": true,
                                            "self": 114.47396769999739,
                                            "children": {
                                                "steps_from_proto": {
                                                    "total": 0.0012337000000002263,
                                                    "count": 1,
                                                    "is_parallel": true,
                                                    "self": 0.0003029000000012161,
                                                    "children": {
                                                        "_process_vector_observation": {
                                                            "total": 0.0009307999999990102,
                                                            "count": 2,
                                                            "is_parallel": true,
                                                            "self": 0.0009307999999990102
                                                        }
                                                    }
                                                },
                                                "UnityEnvironment.step": {
                                                    "total": 344.9549764000052,
                                                    "count": 19152,
                                                    "is_parallel": true,
                                                    "self": 1.414930100006643,
                                                    "children": {
                                                        "UnityEnvironment._generate_step_input": {
                                                            "total": 10.000788800001951,
                                                            "count": 19152,
                                                            "is_parallel": true,
                                                            "self": 10.000788800001951
                                                        },
                                                        "communicator.exchange": {
                                                            "total": 324.5258775999978,
                                                            "count": 19152,