{
    "name": "root",
    "metadata": {
        "timer_format_version": "0.1.0",
        "start_time_seconds": "1616505674",
        "python_version": "3.8.8 (default, Feb 24 2021, 15:54:32) [MSC v.1928 64 bit (AMD64)]",
        "command_line_arguments": "C:\\Users\\Home\\anaconda3\\envs\\unity\\Scripts\\mlagents-learn config/trainer_config.yaml --run-id=t2t --train",
        "mlagents_version": "0.22.0",
        "mlagents_envs_version": "0.22.0",
        "communication_protocol_version": "1.2.0",
        "pytorch_version": "1.7.1",
        "numpy_version": "1.18.5",
        "end_time_seconds": "1616505687"
    },
    "total": 12.8061919,
    "count": 1,
    "self": 0.20544929999999972,
    "children": {
        "run_training.setup": {
            "total": 0.007024300000000316,
            "count": 1,
            "self": 0.007024300000000316
        },
        "TrainerController.start_learning": {
            "total": 12.593718299999999,
            "count": 1,
            "self": 0.017498800000002035,
            "children": {
                "TrainerController._reset_env": {
                    "total": 7.4943515000000005,
                    "count": 1,
                    "self": 7.4943515000000005
                },
                "TrainerController.advance": {
                    "total": 4.988243699999996,
                    "count": 146,
                    "self": 0.0011662000000001171,
                    "children": {
                        "env_step": {
                            "total": 4.987077499999996,
                            "count": 146,
                            "self": 4.5440843999999725,
                            "children": {
                                "SubprocessEnvManager._take_step": {
                                    "total": 0.44169920000001106,
                                    "count": 146,
                                    "self": 0.005562300000015341,
                                    "children": {
                                        "TorchPolicy.evaluate": {
                                            "total": 0.4361368999999957,
                                            "count": 77,
                                            "self": 0.042403499999995375,
                                            "children": {
                                                "TorchPolicy.sample_actions": {
                                                    "total": 0.39373340000000034,
                                                    "count": 77,
                                                    "self": 0.39373340000000034
                                                }
                                            }
                                        }
                                    }
                                },
                                "workers": {
                                    "total": 0.0012939000000127265,
                                    "count": 145,
                                    "self": 0.0,
                                    "children": {
                                        "worker_root": {
                                            "total": 6.0607887000000105,
                                            "count": 145,
                                            "is_parallel": true,
                                            "self": 1.7097545000000087,
                                            "children": {
                                                "steps_from_proto": {
                                                    "total": 0.0011783999999996908,
                                                    "count": 1,
                                                    "is_parallel": true,
                                                    "self": 0.00026909999999968903,
                                                    "children": {
                                                        "_process_vector_observation": {
                                                            "total": 0.0009093000000000018,
                                                            "count": 2,
                                                            "is_parallel": true,
                                                            "self": 0.0009093000000000018
                                                        }
                                                    }
                                                },
                                                "UnityEnvironment.step": {
                                                    "total": 4.349855800000002,
                                                    "count": 145,
                                                    "is_parallel": true,
                                                    "self": 0.013138100000001707,
                                                    "children": {
                                                        "UnityEnvironment._generate_step_input": {
                                                            "total": 0.08565339999999289,
                                                            "count": 145,
                                                            "is_parallel": true,
                                                            "self": 0.08565339999999289
                                                        },
                                                        "communicator.exchange": {
                                                            "total": 4.156661700000006,
                                                            "count": 145,
                                                            "is_parallel": true,
                                                            "self": 4.156661700000006
                                                        },
                                                        "steps_from_proto": {
                                                            "total": 0.09440260000000134,
                                                            "count": 145,
                                                            "is_parallel": true,
                                                            "self": 0.021545699999976797,
                                                            "children": {
                                                                "_process_vector_observation": {
                                                                    "total": 0.07285690000002454,
                                                                    "count": 290,
                                                                    "is_parallel": true,
                                                                    "self": 0.07285690000002454
                                                                }
                                                            }
                                                        }
                                                    }
                                                }
                                            }
                                        }
                                    }
                                }
                            }
                        }
                    }
                },
                "trainer_threads": {
                    "total": 1.8499999999477268e-05,
                    "count": 1,
                    "self": 1.8499999999477268e-05,
                    "children": {
                        "thread_root": {
                            "total": 0.0,
                            "count": 0,
                            "is_parallel": true,
                            "self": 0.0,
                            "children": {
                                "trainer_advance": {
                                    "total": 4.99999560000002,