{
    "name": "root",
    "gauges": {
        "BallAgentStage3.Policy.Entropy.mean": {
            "value": 1.3082692623138428,
            "min": 1.3082692623138428,
            "max": 1.3094563484191895,
            "count": 2
        },
        "BallAgentStage3.Environment.EpisodeLength.mean": {
            "value": 92.93213572854292,
            "min": 26.346478873239437,
            "max": 92.93213572854292,
            "count": 2
        },
        "BallAgentStage3.Policy.ExtrinsicValueEstimate.mean": {
            "value": 3.182704448699951,
            "min": 3.182704448699951,
            "max": 3.4036426544189453,
            "count": 2
        },
        "BallAgentStage3.Environment.CumulativeReward.mean": {
            "value": -0.10778443113772455,
            "min": -0.10778443113772455,
            "max": 0.05352112676056338,
            "count": 2
        },
        "BallAgentStage3.Policy.ExtrinsicReward.mean": {
            "value": -0.10778443113772455,
            "min": -0.10778443113772455,
            "max": 0.05352112676056338,
            "count": 2
        },
        "BallAgentStage3.Losses.PolicyLoss.mean": {
            "value": 0.026968184040548897,
            "min": 0.023576209488480042,
            "max": 0.026968184040548897,
            "count": 2
        },
        "BallAgentStage3.Losses.ValueLoss.mean": {
            "value": 1.7086092348893485,
            "min": 1.7086092348893485,
            "max": 10.232997139294943,
            "count": 2
        },
        "BallAgentStage3.Policy.LearningRate.mean": {
            "value": 0.0002568288143903999,
            "min": 0.0002568288143903999,
            "max": 0.0002845983051339,
            "count": 2
        },
        "BallAgentStage3.Policy.Epsilon.mean": {
            "value": 0.1856096,
            "min": 0.1856096,
            "max": 0.19486610000000004,
            "count": 2
        },
        "BallAgentStage3.Policy.Beta.mean": {
            "value": 0.00428191904,
            "min": 0.00428191904,
            "max": 0.0047438183900000005,
            "count": 2
        },
        "BallAgentStage3.IsTraining.mean": {
            "value": 1.0,
            "min": 1.0,
            "max": 1.0,
            "count": 2
        }
    },
    "metadata": {
        "timer_format_version": "0.1.0",
        "start_time_seconds": "1613917916",
        "python_version": "3.8.5 (default, Sep  3 2020, 21:29:08) [MSC v.1916 64 bit (AMD64)]",
        "command_line_arguments": "C:\\Users\\Home\\anaconda3\\envs\\un1\\Scripts\\mlagents-learn config/trainer_config.yaml --run-id=t3454tg --train",
        "mlagents_version": "0.22.0",
        "mlagents_envs_version": "0.22.0",
        "communication_protocol_version": "1.2.0",
        "pytorch_version": "1.7.1",
        "numpy_version": "1.18.5",
        "end_time_seconds": "1613918091"
    },
    "total": 175.1695756,
    "count": 1,
    "self": 0.19231360000000564,
    "children": {
        "run_training.setup": {
            "total": 0.007317800000000041,
            "count": 1,
            "self": 0.007317800000000041
        },
        "TrainerController.start_learning": {
            "total": 174.9699442,
            "count": 1,
            "self": 0.10072430000033705,
            "children": {
                "TrainerController._reset_env": {
                    "total": 43.048315599999995,
                    "count": 1,
                    "self": 43.048315599999995
                },
                "TrainerController.advance": {
                    "total": 131.71631679999967,
                    "count": 4753,
                    "self": 0.04157299999985753,
                    "children": {
                        "env_step": {
                            "total": 131.67474379999982,
                            "count": 4753,
                            "self": 121.48893669999816,
                            "children": {
                                "SubprocessEnvManager._take_step": {
                                    "total": 10.133691100000867,
                                    "count": 4753,
                                    "self": 0.1800656000011145,
                                    "children": {
                                        "TorchPolicy.evaluate": {
                                            "total": 9.953625499999752,
                                            "count": 3014,
                                            "self": 3.1459617999998173,
                                            "children": {
                                                "TorchPolicy.sample_actions": {
                                                    "total": 6.807663699999935,
                                                    "count": 3014,
                                                    "self": 6.807663699999935
                                                }
                                            }
                                        }
                                    }
                                },
                                "workers": {
                                    "total": 0.052116000000786755,
                                    "count": 4752,
                                    "self": 0.0,
                                    "children": {
                                        "worker_root": {
                                            "total": 132.7600011000009,
                                            "count": 4752,
                                            "is_parallel": true,
                                            "self": 21.273744500001044,
                                            "children": {
                                                "steps_from_proto": {
                                                    "total": 0.0010224000000036426,
                                                    "count": 1,
                                                    "is_parallel": true,
                                                    "self": 0.00024259999999998172,
                                                    "children": {
                                                        "_process_vector_observation": {
                                                            "total": 0.0007798000000036609,
                                                            "count": 2,
                                                            "is_parallel": true,
                                                            "self": 0.0007798000000036609
                                                        }
                                                    }
                                                },
                                                "UnityEnvironment.step": {
                                                    "total": 111.48523419999984,
                                                    "count": 4752,
                                                    "is_parallel": true,
                                                    "self": 0.39457739999971864,
                                                    "children": {
                                                        "UnityEnvironment._generate_step_input": {
                                                            "total": 2.550913300000012,
                                                            "count": 4752,
                                                            "is_parallel": true,
                                                            "self": 2.550913300000012
                                                        },
                                                        "communicator.exchange": {
                                                            "total": 105.53708050000006,
                                                            "count": 4752,